,endTime
0,2023-11-03 06:05
1,2023-11-03 06:05
2,2023-11-03 06:05
3,2023-11-03 06:05
4,2023-11-03 06:05
5,2023-11-03 06:05
6,2023-11-03 06:05
7,2023-11-03 06:05
8,2023-11-03 06:05
9,2023-11-03 06:05
10,2023-11-03 06:05
11,2023-11-03 06:05
12,2023-11-03 06:05
13,2023-11-03 06:08
14,2023-11-03 06:13
15,2023-11-03 06:16
16,2023-11-03 06:37
17,2023-11-03 06:41
18,2023-11-03 06:46
19,2023-11-03 06:47
20,2023-11-03 06:47
21,2023-11-03 06:47
22,2023-11-03 06:47
23,2023-11-03 06:47
24,2023-11-03 06:47
25,2023-11-03 06:47
26,2023-11-03 06:47
27,2023-11-03 06:50
28,2023-11-03 06:53
29,2023-11-03 06:58
30,2023-11-03 07:02
31,2023-11-03 07:04
32,2023-11-03 07:04
33,2023-11-03 07:04
34,2023-11-03 07:08
35,2023-11-03 07:12
36,2023-11-03 07:16
37,2023-11-03 08:40
38,2023-11-03 08:40
39,2023-11-03 08:40
40,2023-11-03 08:44
41,2023-11-03 08:47
42,2023-11-03 08:50
43,2023-11-03 08:51
44,2023-11-03 08:52
45,2023-11-03 08:55
46,2023-11-03 08:59
47,2023-11-03 09:02
48,2023-11-03 09:05
49,2023-11-03 09:09
50,2023-11-03 09:09
51,2023-11-03 09:12
52,2023-11-03 09:16
53,2023-11-03 09:21
54,2023-11-03 09:24
55,2023-11-03 09:28
56,2023-11-03 09:31
57,2023-11-03 09:35
58,2023-11-03 09:38
59,2023-11-03 09:41
60,2023-11-03 09:44
61,2023-11-03 09:48
62,2023-11-03 09:50
63,2023-11-03 09:53
64,2023-11-03 09:56
65,2023-11-03 10:00
66,2023-11-03 10:03
67,2023-11-03 10:06
68,2023-11-03 10:07
69,2023-11-03 10:08
70,2023-11-03 10:11
71,2023-11-03 10:15
72,2023-11-03 10:19
73,2023-11-03 10:22
74,2023-11-03 10:25
75,2023-11-03 10:26
76,2023-11-03 10:29
77,2023-11-03 10:32
78,2023-11-03 10:37
79,2023-11-03 10:40
80,2023-11-03 10:44
81,2023-11-03 10:47
82,2023-11-03 10:51
83,2023-11-03 10:54
84,2023-11-03 10:57
85,2023-11-03 11:00
86,2023-11-03 11:04
87,2023-11-03 11:06
88,2023-11-03 16:55
89,2023-11-03 16:55
90,2023-11-03 17:04
91,2023-11-03 17:04
92,2023-11-03 17:04
93,2023-11-03 17:04
94,2023-11-03 17:13
95,2023-11-03 17:16
96,2023-11-03 17:19
97,2023-11-03 17:27
98,2023-11-03 17:27
99,2023-11-03 17:29
100,2023-11-03 17:44
101,2023-11-03 17:47
102,2023-11-03 17:50
103,2023-11-03 17:55
104,2023-11-03 17:55
105,2023-11-03 17:59
106,2023-11-03 18:02
107,2023-11-03 18:07
108,2023-11-03 18:10
109,2023-11-03 18:15
110,2023-11-03 18:20
111,2023-11-03 18:23
112,2023-11-03 18:26
113,2023-11-03 18:29
114,2023-11-03 18:32
115,2023-11-03 18:36
116,2023-11-03 18:39
117,2023-11-03 18:43
118,2023-11-03 18:48
119,2023-11-03 18:54
120,2023-11-03 18:58
121,2023-11-03 19:36
122,2023-11-03 19:37
123,2023-11-03 19:41
124,2023-11-03 19:43
125,2023-11-03 21:40
126,2023-11-03 21:40
127,2023-11-03 21:40
128,2023-11-03 21:40
129,2023-11-03 22:13
130,2023-11-03 22:17
131,2023-11-03 22:21
132,2023-11-03 22:26
133,2023-11-03 22:28
134,2023-11-03 22:31
135,2023-11-03 22:31
136,2023-11-03 23:16
137,2023-11-03 23:20
138,2023-11-03 23:25
139,2023-11-03 23:41
140,2023-11-03 23:53
141,2023-11-03 23:53
142,2023-11-03 23:53
143,2023-11-04 01:00
144,2023-11-04 01:01
145,2023-11-04 01:05
146,2023-11-04 01:10
147,2023-11-04 01:18
148,2023-11-04 01:21
149,2023-11-04 01:21
150,2023-11-04 01:21
151,2023-11-04 01:25
152,2023-11-04 01:28
153,2023-11-04 02:55
154,2023-11-04 03:34
155,2023-11-04 03:34
156,2023-11-04 03:34
157,2023-11-04 03:34
158,2023-11-04 03:35
159,2023-11-04 03:35
160,2023-11-04 03:38
161,2023-11-04 03:42
162,2023-11-04 03:58
163,2023-11-04 03:58
164,2023-11-04 03:59
165,2023-11-04 03:59
166,2023-11-04 04:00
167,2023-11-04 04:00
168,2023-11-04 04:00
169,2023-11-04 04:00
170,2023-11-04 04:01
171,2023-11-04 04:01
172,2023-11-04 04:01
173,2023-11-04 04:01
174,2023-11-04 04:01
175,2023-11-04 04:01
176,2023-11-04 04:02
177,2023-11-04 04:02
178,2023-11-04 04:07
179,2023-11-04 04:18
180,2023-11-04 04:36
181,2023-11-04 04:51
182,2023-11-04 04:51
183,2023-11-04 04:51
184,2023-11-04 04:55
185,2023-11-04 04:58
186,2023-11-04 05:01
187,2023-11-04 05:05
188,2023-11-04 05:08
189,2023-11-04 05:12
190,2023-11-04 05:16
191,2023-11-04 05:20
192,2023-11-04 05:22
193,2023-11-04 05:22
194,2023-11-04 05:22
195,2023-11-04 05:22
196,2023-11-04 05:22
197,2023-11-04 05:24
198,2023-11-04 05:27
199,2023-11-04 05:31
200,2023-11-04 05:46
201,2023-11-04 05:50
202,2023-11-04 05:55
203,2023-11-04 05:59
204,2023-11-04 06:02
205,2023-11-04 06:09
206,2023-11-04 06:12
207,2023-11-04 06:16
208,2023-11-04 06:20
209,2023-11-04 06:31
210,2023-11-04 06:39
211,2023-11-04 09:55
212,2023-11-04 09:55
213,2023-11-04 09:55
214,2023-11-04 09:55
215,2023-11-04 09:55
216,2023-11-04 10:00
217,2023-11-04 10:03
218,2023-11-04 10:07
219,2023-11-04 10:11
220,2023-11-04 10:13
221,2023-11-04 10:13
222,2023-11-04 10:18
223,2023-11-04 10:20
224,2023-11-04 10:24
225,2023-11-04 10:29
226,2023-11-04 10:32
227,2023-11-04 10:35
228,2023-11-04 10:39
229,2023-11-04 10:43
230,2023-11-04 10:47
231,2023-11-04 10:49
232,2023-11-04 10:53
233,2023-11-04 10:56
234,2023-11-04 11:00
235,2023-11-04 11:05
236,2023-11-04 11:08
237,2023-11-04 11:11
238,2023-11-04 11:15
239,2023-11-04 11:19
240,2023-11-04 11:22
241,2023-11-04 11:25
242,2023-11-04 11:29
243,2023-11-04 11:32
244,2023-11-04 11:36
245,2023-11-04 11:40
246,2023-11-04 11:44
247,2023-11-04 11:47
248,2023-11-04 11:51
249,2023-11-04 11:55
250,2023-11-04 11:58
251,2023-11-04 12:01
252,2023-11-04 12:05
253,2023-11-04 12:08
254,2023-11-04 12:12
255,2023-11-04 12:16
256,2023-11-04 12:20
257,2023-11-04 12:23
258,2023-11-04 12:26
259,2023-11-04 12:31
260,2023-11-04 12:34
261,2023-11-04 12:37
262,2023-11-04 12:41
263,2023-11-04 12:44
264,2023-11-04 12:47
265,2023-11-04 12:52
266,2023-11-04 12:56
267,2023-11-04 12:59
268,2023-11-04 13:02
269,2023-11-04 13:07
270,2023-11-04 13:10
271,2023-11-04 13:13
272,2023-11-04 13:17
273,2023-11-04 13:20
274,2023-11-04 13:23
275,2023-11-04 13:28
276,2023-11-04 13:32
277,2023-11-04 13:35
278,2023-11-04 13:35
279,2023-11-04 21:42
280,2023-11-04 21:47
281,2023-11-04 21:56
282,2023-11-04 22:06
283,2023-11-04 22:06
284,2023-11-04 22:10
285,2023-11-04 22:15
286,2023-11-04 22:55
287,2023-11-04 23:00
288,2023-11-04 23:03
289,2023-11-04 23:38
290,2023-11-04 23:40
291,2023-11-04 23:41
292,2023-11-04 23:46
293,2023-11-04 23:49
294,2023-11-04 23:52
295,2023-11-04 23:56
296,2023-11-04 23:59
297,2023-11-05 00:02
298,2023-11-05 00:07
299,2023-11-05 00:11
300,2023-11-05 00:14
301,2023-11-05 00:17
302,2023-11-05 00:22
303,2023-11-05 00:25
304,2023-11-05 00:28
305,2023-11-05 00:29
306,2023-11-05 00:29
307,2023-11-05 00:32
308,2023-11-05 00:37
309,2023-11-05 00:40
310,2023-11-05 00:44
311,2023-11-05 00:47
312,2023-11-05 00:51
313,2023-11-05 00:55
314,2023-11-05 00:57
315,2023-11-05 01:09
316,2023-11-05 01:09
317,2023-11-05 01:09
318,2023-11-05 01:09
319,2023-11-05 01:09
320,2023-11-05 01:09
321,2023-11-05 01:09
322,2023-11-05 01:14
323,2023-11-05 02:09
324,2023-11-05 05:06
325,2023-11-05 05:09
326,2023-11-05 05:13
327,2023-11-05 05:14
328,2023-11-05 06:23
329,2023-11-05 06:24
330,2023-11-05 06:27
331,2023-11-05 06:29
332,2023-11-05 06:30
333,2023-11-05 06:37
334,2023-11-05 06:42
335,2023-11-05 06:51
336,2023-11-05 06:52
337,2023-11-05 06:54
338,2023-11-05 06:57
339,2023-11-05 06:59
340,2023-11-05 07:02
341,2023-11-05 07:05
342,2023-11-05 07:08
343,2023-11-05 07:13
344,2023-11-05 07:16
345,2023-11-05 07:19
346,2023-11-05 07:23
347,2023-11-05 07:26
348,2023-11-05 07:30
349,2023-11-05 07:35
350,2023-11-05 07:38
351,2023-11-05 07:41
352,2023-11-05 07:45
353,2023-11-05 07:50
354,2023-11-05 07:51
355,2023-11-05 07:54
356,2023-11-05 07:58
357,2023-11-05 08:01
358,2023-11-05 08:05
359,2023-11-05 08:08
360,2023-11-05 08:12
361,2023-11-05 08:16
362,2023-11-05 08:19
363,2023-11-05 09:01
364,2023-11-05 09:01
365,2023-11-05 09:01
366,2023-11-05 09:01
367,2023-11-05 09:01
368,2023-11-05 09:01
369,2023-11-05 09:01
370,2023-11-05 09:03
371,2023-11-05 09:07
372,2023-11-05 09:10
373,2023-11-05 09:11
374,2023-11-05 09:11
375,2023-11-05 09:16
376,2023-11-05 10:36
377,2023-11-05 10:40
378,2023-11-05 10:42
379,2023-11-05 20:22
380,2023-11-05 20:22
381,2023-11-05 20:22
382,2023-11-05 20:22
383,2023-11-05 20:22
384,2023-11-05 20:23
385,2023-11-05 20:23
386,2023-11-05 20:23
387,2023-11-05 20:23
388,2023-11-05 20:24
389,2023-11-05 20:24
390,2023-11-05 20:24
391,2023-11-05 20:24
392,2023-11-05 20:24
393,2023-11-05 20:25
394,2023-11-05 20:25
395,2023-11-05 20:25
396,2023-11-05 20:25
397,2023-11-05 20:26
398,2023-11-05 20:26
399,2023-11-05 20:26
400,2023-11-05 20:27
401,2023-11-05 20:27
402,2023-11-05 20:27
403,2023-11-05 20:27
404,2023-11-05 20:27
405,2023-11-05 20:27
406,2023-11-05 20:28
407,2023-11-05 20:28
408,2023-11-05 20:28
409,2023-11-05 20:28
410,2023-11-05 20:28
411,2023-11-05 20:28
412,2023-11-05 20:29
413,2023-11-05 20:29
414,2023-11-05 20:29
415,2023-11-05 20:31
416,2023-11-05 20:32
417,2023-11-05 20:32
418,2023-11-05 20:32
419,2023-11-05 20:32
420,2023-11-05 20:32
421,2023-11-05 20:32
422,2023-11-05 20:32
423,2023-11-05 20:32
424,2023-11-05 23:12
425,2023-11-05 23:12
426,2023-11-05 23:12
427,2023-11-05 23:12
428,2023-11-05 23:12
429,2023-11-05 23:12
430,2023-11-05 23:12
431,2023-11-05 23:18
432,2023-11-05 23:23
433,2023-11-05 23:26
434,2023-11-05 23:30
435,2023-11-05 23:32
436,2023-11-05 23:47
437,2023-11-05 23:47
438,2023-11-05 23:47
439,2023-11-05 23:50
440,2023-11-05 23:52
441,2023-11-05 23:57
442,2023-11-06 00:03
443,2023-11-06 00:05
444,2023-11-06 00:08
445,2023-11-06 00:53
446,2023-11-06 01:21
447,2023-11-06 01:21
448,2023-11-06 01:21
449,2023-11-06 01:21
450,2023-11-06 01:21
451,2023-11-06 01:21
452,2023-11-06 01:21
453,2023-11-06 01:21
454,2023-11-06 01:21
455,2023-11-06 01:21
456,2023-11-06 01:21
457,2023-11-06 01:22
458,2023-11-06 02:16
459,2023-11-06 02:16
460,2023-11-06 02:20
461,2023-11-06 02:53
462,2023-11-06 02:57
463,2023-11-06 02:58
464,2023-11-06 02:58
465,2023-11-06 02:58
466,2023-11-06 02:58
467,2023-11-06 02:58
468,2023-11-06 03:19
469,2023-11-06 03:22
470,2023-11-06 03:27
471,2023-11-06 03:30
472,2023-11-06 03:33
473,2023-11-06 03:47
474,2023-11-06 03:47
475,2023-11-06 03:49
476,2023-11-06 03:49
477,2023-11-06 03:49
478,2023-11-06 03:49
479,2023-11-06 03:56
480,2023-11-06 04:00
481,2023-11-06 04:03
482,2023-11-06 04:07
483,2023-11-06 04:10
484,2023-11-06 04:14
485,2023-11-06 04:18
486,2023-11-06 04:23
487,2023-11-06 04:27
488,2023-11-06 04:32
489,2023-11-06 04:36
490,2023-11-06 04:39
491,2023-11-06 04:42
492,2023-11-06 04:45
493,2023-11-06 04:46
494,2023-11-06 06:20
495,2023-11-06 06:24
496,2023-11-06 06:28
497,2023-11-06 06:30
498,2023-11-06 06:33
499,2023-11-06 06:34
500,2023-11-06 06:46
501,2023-11-06 06:47
502,2023-11-06 06:47
503,2023-11-06 06:50
504,2023-11-06 06:50
505,2023-11-06 06:50
506,2023-11-06 06:51
507,2023-11-06 06:58
508,2023-11-06 07:02
509,2023-11-06 07:04
510,2023-11-06 07:04
511,2023-11-06 10:32
512,2023-11-06 10:35
513,2023-11-06 18:05
514,2023-11-06 18:52
515,2023-11-06 18:55
516,2023-11-06 18:58
517,2023-11-06 22:05
518,2023-11-06 22:09
519,2023-11-06 22:13
520,2023-11-06 22:15
521,2023-11-06 22:20
522,2023-11-06 22:22
523,2023-11-06 22:26
524,2023-11-06 23:38
525,2023-11-06 23:38
526,2023-11-06 23:56
527,2023-11-07 00:00
528,2023-11-07 00:09
529,2023-11-07 00:09
530,2023-11-07 00:09
531,2023-11-07 00:09
532,2023-11-07 00:09
533,2023-11-07 00:09
534,2023-11-07 00:09
535,2023-11-07 00:09
536,2023-11-07 00:09
537,2023-11-07 00:12
538,2023-11-07 00:14
539,2023-11-07 00:19
540,2023-11-07 00:22
541,2023-11-07 00:24
542,2023-11-07 00:35
543,2023-11-07 00:39
544,2023-11-07 00:41
545,2023-11-07 00:43
546,2023-11-07 00:46
547,2023-11-07 00:49
548,2023-11-07 00:51
549,2023-11-07 01:24
550,2023-11-07 01:30
551,2023-11-07 03:33
552,2023-11-07 03:35
553,2023-11-07 03:35
554,2023-11-07 03:38
555,2023-11-07 03:38
556,2023-11-07 03:38
557,2023-11-07 03:38
558,2023-11-07 03:38
559,2023-11-07 03:39
560,2023-11-07 03:39
561,2023-11-07 03:39
562,2023-11-07 03:40
563,2023-11-07 03:40
564,2023-11-07 03:40
565,2023-11-07 03:40
566,2023-11-07 03:40
567,2023-11-07 03:40
568,2023-11-07 03:40
569,2023-11-07 03:40
570,2023-11-07 03:41
571,2023-11-07 03:41
572,2023-11-07 03:41
573,2023-11-07 03:41
574,2023-11-07 03:45
575,2023-11-07 03:45
576,2023-11-07 03:45
577,2023-11-07 03:45
578,2023-11-07 03:46
579,2023-11-07 03:46
580,2023-11-07 03:46
581,2023-11-07 03:46
582,2023-11-07 03:46
583,2023-11-07 03:47
584,2023-11-07 03:47
585,2023-11-07 03:48
586,2023-11-07 03:48
587,2023-11-07 03:48
588,2023-11-07 03:48
589,2023-11-07 03:48
590,2023-11-07 03:49
591,2023-11-07 03:49
592,2023-11-07 03:49
593,2023-11-07 03:49
594,2023-11-07 03:49
595,2023-11-07 03:49
596,2023-11-07 03:50
597,2023-11-07 03:50
598,2023-11-07 03:53
599,2023-11-07 04:40
600,2023-11-07 04:40
601,2023-11-07 04:40
602,2023-11-07 04:40
603,2023-11-07 04:42
604,2023-11-07 04:42
605,2023-11-07 04:42
606,2023-11-07 04:44
607,2023-11-07 04:52
608,2023-11-07 04:56
609,2023-11-07 04:59
610,2023-11-07 05:02
611,2023-11-07 05:06
612,2023-11-07 05:10
613,2023-11-07 05:13
614,2023-11-07 05:18
615,2023-11-07 05:21
616,2023-11-07 05:26
617,2023-11-07 05:30
618,2023-11-07 05:33
619,2023-11-07 05:37
620,2023-11-07 05:40
621,2023-11-07 05:42
622,2023-11-07 05:47
623,2023-11-07 05:54
624,2023-11-07 05:59
625,2023-11-07 06:02
626,2023-11-07 06:06
627,2023-11-07 06:24
628,2023-11-07 06:29
629,2023-11-07 06:33
630,2023-11-07 07:04
631,2023-11-07 07:46
632,2023-11-07 07:47
633,2023-11-07 07:47
634,2023-11-07 07:47
635,2023-11-07 07:47
636,2023-11-07 07:47
637,2023-11-07 07:47
638,2023-11-07 08:34
639,2023-11-07 08:34
640,2023-11-07 08:34
641,2023-11-07 08:34
642,2023-11-07 08:35
643,2023-11-07 08:38
644,2023-11-07 08:43
645,2023-11-07 08:46
646,2023-11-07 08:49
647,2023-11-07 08:53
648,2023-11-07 08:56
649,2023-11-07 08:59
650,2023-11-07 09:03
651,2023-11-07 09:07
652,2023-11-07 09:10
653,2023-11-07 09:14
654,2023-11-07 09:16
655,2023-11-07 09:19
656,2023-11-07 09:21
657,2023-11-07 09:36
658,2023-11-07 09:37
659,2023-11-07 09:37
660,2023-11-07 09:40
661,2023-11-07 09:41
662,2023-11-07 09:43
663,2023-11-07 09:43
664,2023-11-07 09:43
665,2023-11-07 09:43
666,2023-11-07 09:43
667,2023-11-07 09:43
668,2023-11-07 09:44
669,2023-11-07 09:44
670,2023-11-07 09:44
671,2023-11-07 09:44
672,2023-11-07 09:44
673,2023-11-07 09:44
674,2023-11-07 09:48
675,2023-11-07 09:51
676,2023-11-07 09:53
677,2023-11-07 09:57
678,2023-11-07 10:00
679,2023-11-07 10:04
680,2023-11-07 10:07
681,2023-11-07 10:11
682,2023-11-07 10:14
683,2023-11-07 10:20
684,2023-11-07 10:24
685,2023-11-07 10:28
686,2023-11-07 10:33
687,2023-11-07 10:36
688,2023-11-07 10:40
689,2023-11-07 10:45
690,2023-11-07 10:48
691,2023-11-07 10:51
692,2023-11-07 10:54
693,2023-11-07 10:59
694,2023-11-07 11:02
695,2023-11-07 11:05
696,2023-11-07 11:09
697,2023-11-07 11:12
698,2023-11-07 11:14
699,2023-11-07 11:18
700,2023-11-07 11:21
701,2023-11-07 11:25
702,2023-11-07 11:28
703,2023-11-07 11:32
704,2023-11-07 11:36
705,2023-11-07 11:41
706,2023-11-07 11:45
707,2023-11-07 11:50
708,2023-11-07 11:54
709,2023-11-07 11:57
710,2023-11-07 12:02
711,2023-11-07 12:06
712,2023-11-07 12:09
713,2023-11-07 12:13
714,2023-11-07 12:16
715,2023-11-07 12:20
716,2023-11-07 12:23
717,2023-11-07 12:26
718,2023-11-07 12:30
719,2023-11-07 12:32
720,2023-11-07 19:01
721,2023-11-07 20:25
722,2023-11-07 20:25
723,2023-11-07 20:26
724,2023-11-07 20:26
725,2023-11-07 20:29
726,2023-11-07 20:29
727,2023-11-07 20:29
728,2023-11-07 20:29
729,2023-11-07 20:30
730,2023-11-07 20:30
731,2023-11-07 20:30
732,2023-11-07 20:30
733,2023-11-07 20:30
734,2023-11-07 20:30
735,2023-11-07 22:38
736,2023-11-07 22:41
737,2023-11-07 23:58
738,2023-11-07 23:58
739,2023-11-07 23:59
740,2023-11-07 23:59
741,2023-11-07 23:59
742,2023-11-08 00:06
743,2023-11-08 00:07
744,2023-11-08 00:11
745,2023-11-08 02:23
746,2023-11-08 06:05
747,2023-11-08 06:17
748,2023-11-08 06:20
749,2023-11-08 07:02
750,2023-11-08 07:02
751,2023-11-08 07:02
752,2023-11-08 07:02
753,2023-11-08 07:02
754,2023-11-08 07:02
755,2023-11-08 07:02
756,2023-11-08 07:02
757,2023-11-08 07:02
758,2023-11-08 07:02
759,2023-11-08 07:03
760,2023-11-08 07:03
761,2023-11-08 07:03
762,2023-11-08 07:03
763,2023-11-08 07:03
764,2023-11-08 07:03
765,2023-11-08 07:03
766,2023-11-08 07:03
767,2023-11-08 07:04
768,2023-11-08 07:04
769,2023-11-08 07:04
770,2023-11-08 07:04
771,2023-11-08 07:04
772,2023-11-08 07:04
773,2023-11-08 07:04
774,2023-11-08 07:04
775,2023-11-08 07:04
776,2023-11-08 07:05
777,2023-11-08 07:06
778,2023-11-08 07:09
779,2023-11-08 07:09
780,2023-11-08 07:09
781,2023-11-08 07:10
782,2023-11-08 07:10
783,2023-11-08 07:26
784,2023-11-08 07:26
785,2023-11-08 07:30
786,2023-11-08 07:30
787,2023-11-08 07:30
788,2023-11-08 07:35
789,2023-11-08 07:38
790,2023-11-08 07:40
791,2023-11-08 07:45
792,2023-11-08 07:48
793,2023-11-08 07:48
794,2023-11-08 07:56
795,2023-11-08 07:59
796,2023-11-08 09:40
797,2023-11-08 09:43
798,2023-11-08 18:05
799,2023-11-08 18:10
800,2023-11-08 18:10
801,2023-11-08 18:57
802,2023-11-08 22:09
803,2023-11-08 22:09
804,2023-11-08 22:09
805,2023-11-08 22:09
806,2023-11-08 22:12
807,2023-11-08 22:17
808,2023-11-08 22:20
809,2023-11-08 22:22
810,2023-11-08 22:25
811,2023-11-08 22:28
812,2023-11-08 23:17
813,2023-11-08 23:17
814,2023-11-08 23:24
815,2023-11-08 23:24
816,2023-11-08 23:26
817,2023-11-08 23:26
818,2023-11-08 23:30
819,2023-11-08 23:33
820,2023-11-08 23:36
821,2023-11-08 23:41
822,2023-11-08 23:45
823,2023-11-08 23:51
824,2023-11-08 23:56
825,2023-11-08 23:59
826,2023-11-09 00:02
827,2023-11-09 00:08
828,2023-11-09 00:12
829,2023-11-09 00:15
830,2023-11-09 00:19
831,2023-11-09 00:20
832,2023-11-09 02:46
833,2023-11-09 02:49
834,2023-11-09 02:54
835,2023-11-09 02:57
836,2023-11-09 02:58
837,2023-11-09 02:59
838,2023-11-09 03:07
839,2023-11-09 03:23
840,2023-11-09 03:26
841,2023-11-09 03:27
842,2023-11-09 03:27
843,2023-11-09 03:27
844,2023-11-09 03:27
845,2023-11-09 03:28
846,2023-11-09 03:28
847,2023-11-09 03:28
848,2023-11-09 03:28
849,2023-11-09 03:28
850,2023-11-09 03:29
851,2023-11-09 03:29
852,2023-11-09 03:29
853,2023-11-09 03:29
854,2023-11-09 03:29
855,2023-11-09 03:30
856,2023-11-09 03:30
857,2023-11-09 03:30
858,2023-11-09 03:31
859,2023-11-09 03:31
860,2023-11-09 03:31
861,2023-11-09 03:31
862,2023-11-09 03:31
863,2023-11-09 03:31
864,2023-11-09 03:31
865,2023-11-09 03:31
866,2023-11-09 03:31
867,2023-11-09 03:32
868,2023-11-09 03:32
869,2023-11-09 03:32
870,2023-11-09 03:32
871,2023-11-09 03:32
872,2023-11-09 03:32
873,2023-11-09 03:32
874,2023-11-09 03:32
875,2023-11-09 03:32
876,2023-11-09 03:32
877,2023-11-09 03:32
878,2023-11-09 03:34
879,2023-11-09 04:36
880,2023-11-09 04:36
881,2023-11-09 06:10
882,2023-11-09 06:14
883,2023-11-09 07:21
884,2023-11-09 07:21
885,2023-11-09 07:21
886,2023-11-09 07:21
887,2023-11-09 07:21
888,2023-11-09 07:22
889,2023-11-09 07:22
890,2023-11-09 07:25
891,2023-11-09 07:29
892,2023-11-09 07:36
893,2023-11-09 07:39
894,2023-11-09 07:43
895,2023-11-09 07:47
896,2023-11-09 07:52
897,2023-11-09 07:56
898,2023-11-09 07:58
899,2023-11-09 08:06
900,2023-11-09 08:36
901,2023-11-09 08:39
902,2023-11-09 08:42
903,2023-11-09 08:48
904,2023-11-09 09:03
905,2023-11-09 09:03
906,2023-11-09 09:04
907,2023-11-09 09:04
908,2023-11-09 09:04
909,2023-11-09 09:10
910,2023-11-09 09:10
911,2023-11-09 09:10
912,2023-11-09 09:10
913,2023-11-09 09:10
914,2023-11-09 09:10
915,2023-11-09 09:10
916,2023-11-09 09:10
917,2023-11-09 09:10
918,2023-11-09 09:10
919,2023-11-09 09:10
920,2023-11-09 09:10
921,2023-11-09 09:10
922,2023-11-09 09:16
923,2023-11-09 09:19
924,2023-11-09 09:23
925,2023-11-09 09:27
926,2023-11-09 19:23
927,2023-11-09 19:23
928,2023-11-09 19:26
929,2023-11-09 19:28
930,2023-11-09 19:31
931,2023-11-09 21:01
932,2023-11-09 21:13
933,2023-11-09 21:13
934,2023-11-09 21:13
935,2023-11-09 21:13
936,2023-11-09 21:36
937,2023-11-09 21:37
938,2023-11-09 21:41
939,2023-11-09 21:44
940,2023-11-09 21:50
941,2023-11-09 21:55
942,2023-11-09 21:59
943,2023-11-09 22:03
944,2023-11-09 22:06
945,2023-11-09 22:11
946,2023-11-09 22:14
947,2023-11-09 22:19
948,2023-11-09 22:23
949,2023-11-09 22:28
950,2023-11-09 22:31
951,2023-11-09 22:35
952,2023-11-09 22:39
953,2023-11-09 22:42
954,2023-11-09 23:02
955,2023-11-09 23:05
956,2023-11-09 23:06
957,2023-11-09 23:10
958,2023-11-09 23:13
959,2023-11-09 23:13
960,2023-11-09 23:15
961,2023-11-10 00:03
962,2023-11-10 00:06
963,2023-11-10 00:09
964,2023-11-10 00:13
965,2023-11-10 00:17
966,2023-11-10 00:19
967,2023-11-10 03:33
968,2023-11-10 03:33
969,2023-11-10 03:33
970,2023-11-10 03:33
971,2023-11-10 03:33
972,2023-11-10 03:33
973,2023-11-10 03:33
974,2023-11-10 03:33
975,2023-11-10 03:33
976,2023-11-10 03:33
977,2023-11-10 03:33
978,2023-11-10 03:33
979,2023-11-10 03:33
980,2023-11-10 03:33
981,2023-11-10 03:33
982,2023-11-10 03:33
983,2023-11-10 03:33
984,2023-11-10 03:33
985,2023-11-10 03:33
986,2023-11-10 03:33
987,2023-11-10 03:33
988,2023-11-10 03:33
989,2023-11-10 03:33
990,2023-11-10 03:34
991,2023-11-10 03:40
992,2023-11-10 03:43
993,2023-11-10 03:47
994,2023-11-10 03:52
995,2023-11-10 04:29
996,2023-11-10 05:03
997,2023-11-10 05:03
998,2023-11-10 05:06
999,2023-11-10 05:11
1000,2023-11-10 05:16
1001,2023-11-10 05:16
1002,2023-11-10 06:17
1003,2023-11-10 06:24
1004,2023-11-10 06:24
1005,2023-11-10 06:26
1006,2023-11-10 06:27
1007,2023-11-10 06:32
1008,2023-11-10 06:33
1009,2023-11-10 06:33
1010,2023-11-10 06:35
1011,2023-11-10 06:43
1012,2023-11-10 06:44
1013,2023-11-10 06:53
1014,2023-11-10 06:58
1015,2023-11-10 07:00
1016,2023-11-10 07:03
1017,2023-11-10 07:06
1018,2023-11-10 07:06
1019,2023-11-10 07:06
1020,2023-11-10 07:06
1021,2023-11-10 07:06
1022,2023-11-10 07:09
1023,2023-11-10 07:59
1024,2023-11-10 07:59
1025,2023-11-10 07:59
1026,2023-11-10 07:59
1027,2023-11-10 07:59
1028,2023-11-10 07:59
1029,2023-11-10 07:59
1030,2023-11-10 07:59
1031,2023-11-10 07:59
1032,2023-11-10 07:59
1033,2023-11-10 07:59
1034,2023-11-10 07:59
1035,2023-11-10 07:59
1036,2023-11-10 07:59
1037,2023-11-10 07:59
1038,2023-11-10 07:59
1039,2023-11-10 07:59
1040,2023-11-10 07:59
1041,2023-11-10 07:59
1042,2023-11-10 07:59
1043,2023-11-10 07:59
1044,2023-11-10 07:59
1045,2023-11-10 07:59
1046,2023-11-10 07:59
1047,2023-11-10 07:59
1048,2023-11-10 08:00
1049,2023-11-10 08:00
1050,2023-11-10 08:00
1051,2023-11-10 08:00
1052,2023-11-10 08:00
1053,2023-11-10 08:00
1054,2023-11-10 08:00
1055,2023-11-10 08:00
1056,2023-11-10 08:00
1057,2023-11-10 08:00
1058,2023-11-10 08:00
1059,2023-11-10 08:00
1060,2023-11-10 08:00
1061,2023-11-10 08:00
1062,2023-11-10 08:00
1063,2023-11-10 08:00
1064,2023-11-10 08:00
1065,2023-11-10 08:03
1066,2023-11-10 08:06
1067,2023-11-10 08:10
1068,2023-11-10 08:11
1069,2023-11-10 09:53
1070,2023-11-10 09:53
1071,2023-11-10 09:53
1072,2023-11-10 09:53
1073,2023-11-10 09:53
1074,2023-11-10 09:53
1075,2023-11-10 09:55
1076,2023-11-10 18:06
1077,2023-11-10 18:06
1078,2023-11-10 18:06
1079,2023-11-10 18:06
1080,2023-11-10 18:06
1081,2023-11-10 18:06
1082,2023-11-10 18:06
1083,2023-11-10 18:06
1084,2023-11-10 18:06
1085,2023-11-10 18:06
1086,2023-11-10 18:06
1087,2023-11-10 18:09
1088,2023-11-10 18:14
1089,2023-11-10 18:14
1090,2023-11-10 18:16
1091,2023-11-10 18:17
1092,2023-11-10 18:20
1093,2023-11-10 18:20
1094,2023-11-10 18:20
1095,2023-11-10 18:20
1096,2023-11-10 18:21
1097,2023-11-10 18:21
1098,2023-11-10 18:25
1099,2023-11-10 18:25
1100,2023-11-10 19:53
1101,2023-11-10 19:56
1102,2023-11-10 19:57
1103,2023-11-10 19:57
1104,2023-11-10 19:57
1105,2023-11-10 19:57
1106,2023-11-10 19:58
1107,2023-11-10 20:19
1108,2023-11-10 20:20
1109,2023-11-10 23:16
1110,2023-11-10 23:16
1111,2023-11-10 23:20
1112,2023-11-10 23:22
1113,2023-11-10 23:25
1114,2023-11-10 23:25
1115,2023-11-10 23:28
1116,2023-11-10 23:31
1117,2023-11-10 23:35
1118,2023-11-10 23:40
1119,2023-11-10 23:45
1120,2023-11-10 23:47
1121,2023-11-10 23:50
1122,2023-11-10 23:54
1123,2023-11-10 23:59
1124,2023-11-11 00:21
1125,2023-11-11 00:26
1126,2023-11-11 00:26
1127,2023-11-11 00:26
1128,2023-11-11 00:26
1129,2023-11-11 00:26
1130,2023-11-11 00:26
1131,2023-11-11 00:29
1132,2023-11-11 00:51
1133,2023-11-11 00:51
1134,2023-11-11 00:54
1135,2023-11-11 00:57
1136,2023-11-11 00:59
1137,2023-11-11 01:00
1138,2023-11-11 01:01
1139,2023-11-11 01:01
1140,2023-11-11 01:47
1141,2023-11-11 01:48
1142,2023-11-11 01:48
1143,2023-11-11 01:48
1144,2023-11-11 01:48
1145,2023-11-11 01:48
1146,2023-11-11 01:48
1147,2023-11-11 01:48
1148,2023-11-11 01:48
1149,2023-11-11 01:48
1150,2023-11-11 01:48
1151,2023-11-11 01:48
1152,2023-11-11 01:48
1153,2023-11-11 01:48
1154,2023-11-11 01:48
1155,2023-11-11 01:48
1156,2023-11-11 01:48
1157,2023-11-11 01:50
1158,2023-11-11 02:13
1159,2023-11-11 02:16
1160,2023-11-11 02:20
1161,2023-11-11 02:47
1162,2023-11-11 02:54
1163,2023-11-11 02:54
1164,2023-11-11 02:54
1165,2023-11-11 02:57
1166,2023-11-11 02:58
1167,2023-11-11 02:58
1168,2023-11-11 02:58
1169,2023-11-11 02:58
1170,2023-11-11 02:58
1171,2023-11-11 02:58
1172,2023-11-11 02:58
1173,2023-11-11 03:00
1174,2023-11-11 03:21
1175,2023-11-11 03:21
1176,2023-11-11 03:21
1177,2023-11-11 03:21
1178,2023-11-11 03:21
1179,2023-11-11 03:21
1180,2023-11-11 03:21
1181,2023-11-11 03:21
1182,2023-11-11 03:21
1183,2023-11-11 03:21
1184,2023-11-11 03:22
1185,2023-11-11 03:22
1186,2023-11-11 03:22
1187,2023-11-11 03:22
1188,2023-11-11 03:22
1189,2023-11-11 03:25
1190,2023-11-11 03:29
1191,2023-11-11 03:32
1192,2023-11-11 03:34
1193,2023-11-11 05:32
1194,2023-11-11 05:32
1195,2023-11-11 05:32
1196,2023-11-11 05:35
1197,2023-11-11 05:43
1198,2023-11-11 06:48
1199,2023-11-11 06:51
1200,2023-11-11 06:54
1201,2023-11-11 06:58
1202,2023-11-11 07:01
1203,2023-11-11 07:04
1204,2023-11-11 07:08
1205,2023-11-11 07:11
1206,2023-11-11 07:14
1207,2023-11-11 07:18
1208,2023-11-11 07:21
1209,2023-11-11 07:24
1210,2023-11-11 07:28
1211,2023-11-11 07:28
1212,2023-11-11 20:04
1213,2023-11-11 20:07
1214,2023-11-11 20:11
1215,2023-11-11 20:14
1216,2023-11-11 20:17
1217,2023-11-11 20:21
1218,2023-11-11 20:23
1219,2023-11-11 20:24
1220,2023-11-11 20:24
1221,2023-11-11 20:50
1222,2023-11-11 20:53
1223,2023-11-11 21:52
1224,2023-11-11 21:55
1225,2023-11-11 21:59
1226,2023-11-11 22:02
1227,2023-11-11 22:05
1228,2023-11-11 22:09
1229,2023-11-11 22:12
1230,2023-11-11 22:23
1231,2023-11-11 22:23
1232,2023-11-11 22:23
1233,2023-11-11 22:24
1234,2023-11-11 22:24
1235,2023-11-11 22:28
1236,2023-11-11 22:35
1237,2023-11-11 22:35
1238,2023-11-11 22:36
1239,2023-11-11 22:38
1240,2023-11-11 22:43
1241,2023-11-11 22:46
1242,2023-11-11 23:22
1243,2023-11-11 23:25
1244,2023-11-11 23:30
1245,2023-11-11 23:49
