,endTime,artistName,trackName,msPlayed
0,2023-11-03 06:05,Drake,Fair Trade (with Travis Scott),1540
1,2023-11-03 06:05,Drake,Fake Love,520
2,2023-11-03 06:05,Drake,Laugh Now Cry Later (feat. Lil Durk),850
3,2023-11-03 06:05,Drake,Passionfruit,650
4,2023-11-03 06:05,Drake,"Hold On, We're Going Home",1750
5,2023-11-03 06:05,Drake,Jumpman,110
6,2023-11-03 06:05,Drake,Nonstop,260
7,2023-11-03 06:05,Drake,Still Here,230
8,2023-11-03 06:05,Drake,I'm Upset,160
9,2023-11-03 06:05,Drake,Portland,1410
10,2023-11-03 06:05,Drake,IDGAF (feat. Yeat),70
11,2023-11-03 06:05,Drake,Free Smoke,40
12,2023-11-03 06:05,Drake,Know Yourself,490
13,2023-11-03 06:08,Drake,Fake Love,210937
14,2023-11-03 06:13,Drake,First Person Shooter (feat. J. Cole),247444
15,2023-11-03 06:16,Drake,Nice For What,210746
16,2023-11-03 06:37,Drake,Used To,178262
17,2023-11-03 06:41,Drake,Legend,241853
18,2023-11-03 06:46,Drake,Energy,130836
19,2023-11-03 06:47,Drake,Jungle,1280
20,2023-11-03 06:47,Drake,Jungle,170
21,2023-11-03 06:47,Drake,"Hold On, We're Going Home",682
22,2023-11-03 06:47,Drake,"Hold On, We're Going Home",191
23,2023-11-03 06:47,Drake,10 Bands,82964
24,2023-11-03 06:47,Drake,Jumpman,981
25,2023-11-03 06:47,Drake,Started From the Bottom,640
26,2023-11-03 06:47,Drake,Started From the Bottom,618
27,2023-11-03 06:50,Drake,10 Bands,177733
28,2023-11-03 06:53,Drake,Started From the Bottom,174133
29,2023-11-03 06:58,Drake,Jungle,320400
30,2023-11-03 07:02,Drake,"Hold On, We're Going Home",227880
31,2023-11-03 07:04,Drake,Jumpman,97086
32,2023-11-03 07:04,Drake,Used To,690
33,2023-11-03 07:04,Drake,I'm Upset,310
34,2023-11-03 07:08,Drake,Used To,268480
35,2023-11-03 07:12,Drake,I'm Upset,214466
36,2023-11-03 07:16,Drake,Nonstop,238614
37,2023-11-03 08:40,Drake,Legend,144161
38,2023-11-03 08:40,Daniel Caesar,Get You (feat. Kali Uchis),2470
39,2023-11-03 08:40,Daniel Caesar,Always,5980
40,2023-11-03 08:44,Giveon,Like I Want You,260776
41,2023-11-03 08:47,Giveon,Lost Me,180953
42,2023-11-03 08:50,Giveon,Tryna Be,170653
43,2023-11-03 08:51,Giveon,dec 11th,73209
44,2023-11-03 08:52,Giveon,When It's All Said And Done,55062
45,2023-11-03 08:55,Giveon,Favorite Mistake,172907
46,2023-11-03 08:59,Giveon,"Time - From the Motion Picture ""Amsterdam""",222199
47,2023-11-03 09:02,Giveon,Fields,220267
48,2023-11-03 09:05,Giveon,Still Your Best,177445
49,2023-11-03 09:09,Giveon,Last Time (feat. Snoh Aalegra),193760
50,2023-11-03 09:09,Giveon,Take Time (Interlude),45282
51,2023-11-03 09:12,Giveon,Scarred,178264
52,2023-11-03 09:16,Giveon,Vanish,209406
53,2023-11-03 09:21,Drake,In The Bible (with Lil Durk & Giveon),296568
54,2023-11-03 09:24,Giveon,Garden Kisses,195405
55,2023-11-03 09:28,Drake,Chicago Freestyle (feat. Giveon),220487
56,2023-11-03 09:31,Giveon,Stuck On You,205205
57,2023-11-03 09:35,Giveon,The Beach,205663
58,2023-11-03 09:38,Giveon,Heartbreak Anniversary,198370
59,2023-11-03 09:41,Giveon,Make You Mine,200191
60,2023-11-03 09:44,Giveon,Lie Again,182439
61,2023-11-03 09:48,Giveon,World We Created,193466
62,2023-11-03 09:50,Giveon,All To Me,127807
63,2023-11-03 09:53,Justin Bieber,Peaches (feat. Daniel Caesar & Giveon),198081
64,2023-11-03 09:56,Giveon,Let Me Go,176692
65,2023-11-03 10:00,Giveon,Like I Want You,260776
66,2023-11-03 10:03,Giveon,Lost Me,180953
67,2023-11-03 10:06,Giveon,Tryna Be,170653
68,2023-11-03 10:07,Giveon,dec 11th,73209
69,2023-11-03 10:08,Giveon,When It's All Said And Done,55062
70,2023-11-03 10:11,Giveon,Favorite Mistake,172907
71,2023-11-03 10:15,Giveon,"Time - From the Motion Picture ""Amsterdam""",222199
72,2023-11-03 10:19,Giveon,Fields,220267
73,2023-11-03 10:22,Giveon,Still Your Best,177445
74,2023-11-03 10:25,Giveon,Last Time (feat. Snoh Aalegra),193760
75,2023-11-03 10:26,Giveon,Take Time (Interlude),45282
76,2023-11-03 10:29,Giveon,Scarred,178264
77,2023-11-03 10:32,Giveon,Vanish,209406
78,2023-11-03 10:37,Drake,In The Bible (with Lil Durk & Giveon),296568
79,2023-11-03 10:40,Giveon,Garden Kisses,195405
80,2023-11-03 10:44,Drake,Chicago Freestyle (feat. Giveon),220487
81,2023-11-03 10:47,Giveon,Stuck On You,205205
82,2023-11-03 10:51,Giveon,The Beach,205663
83,2023-11-03 10:54,Giveon,Heartbreak Anniversary,198370
84,2023-11-03 10:57,Giveon,Make You Mine,200191
85,2023-11-03 11:00,Giveon,Lie Again,182439
86,2023-11-03 11:04,Giveon,World We Created,193466
87,2023-11-03 11:06,Giveon,All To Me,107495
88,2023-11-03 16:55,Giveon,All To Me,4560
89,2023-11-03 16:55,Giveon,Like I Want You,3947
90,2023-11-03 17:04,Giveon,Make You Mine,413
91,2023-11-03 17:04,Giveon,Like I Want You,950
92,2023-11-03 17:04,Giveon,Like I Want You,515336
93,2023-11-03 17:04,Giveon,Lost Me,1640
94,2023-11-03 17:13,Giveon,Like I Want You,429286
95,2023-11-03 17:16,Giveon,Make You Mine,172773
96,2023-11-03 17:19,SZA,Snooze,201800
97,2023-11-03 17:27,SZA,Snooze,2360
98,2023-11-03 17:27,SZA,Snooze,62410
99,2023-11-03 17:29,SZA,Snooze,62380
100,2023-11-03 17:44,Drake,Legend,241853
101,2023-11-03 17:47,Drake,Energy,181933
102,2023-11-03 17:50,Drake,10 Bands,177733
103,2023-11-03 17:55,Drake,No Tellin',19370
104,2023-11-03 17:55,Drake,Know Yourself,275840
105,2023-11-03 17:59,Drake,Jungle,149521
106,2023-11-03 18:02,Drake,Used To,83630
107,2023-11-03 18:07,Drake,Fair Trade (with Travis Scott),291175
108,2023-11-03 18:10,Drake,In My Feelings,217925
109,2023-11-03 18:15,Drake,Used To,268480
110,2023-11-03 18:20,Drake,Passionfruit,298940
111,2023-11-03 18:23,Drake,Energy,181933
112,2023-11-03 18:26,Drake,Jumpman,205879
113,2023-11-03 18:29,Drake,10 Bands,177733
114,2023-11-03 18:32,Drake,Started From the Bottom,174133
115,2023-11-03 18:36,Drake,Nice For What,210746
116,2023-11-03 18:39,Drake,I'm Upset,214466
117,2023-11-03 18:43,Drake,Fake Love,210937
118,2023-11-03 18:48,Drake,Jungle,320400
119,2023-11-03 18:54,Drake,Jimmy Cooks (feat. 21 Savage),100618
120,2023-11-03 18:58,Drake,Portland,236614
121,2023-11-03 19:36,Drake,IDGAF (feat. Yeat),251836
122,2023-11-03 19:37,Drake,First Person Shooter (feat. J. Cole),71200
123,2023-11-03 19:41,Drake,Legend,241853
124,2023-11-03 19:43,Drake,Jumpman,153636
125,2023-11-03 21:40,Drake,Legend,3120
126,2023-11-03 21:40,Giveon,Like I Want You,242400
127,2023-11-03 21:40,Drake,Nonstop,640
128,2023-11-03 21:40,Drake,I'm Upset,5090
129,2023-11-03 22:13,Drake,Legend,72212
130,2023-11-03 22:17,Drake,First Person Shooter (feat. J. Cole),247444
131,2023-11-03 22:21,Drake,Portland,236614
132,2023-11-03 22:26,Drake,Fair Trade (with Travis Scott),291175
133,2023-11-03 22:28,Drake,Jimmy Cooks (feat. 21 Savage),91483
134,2023-11-03 22:31,Drake,Legend,169871
135,2023-11-03 22:31,Drake,Energy,181933
136,2023-11-03 23:16,Drake,Started From the Bottom,174133
137,2023-11-03 23:20,Drake,Fake Love,210937
138,2023-11-03 23:25,Drake,Passionfruit,298940
139,2023-11-03 23:41,Drake,Used To,268480
140,2023-11-03 23:53,Drake,In My Feelings,750
141,2023-11-03 23:53,Drake,Jungle,195994
142,2023-11-03 23:53,Drake,Know Yourself,1950
143,2023-11-04 01:00,Marvin Gaye,Mercy Mercy Me (The Ecology),99799
144,2023-11-04 01:01,Drake,Started From the Bottom,70399
145,2023-11-04 01:05,Drake,Fake Love,210937
146,2023-11-04 01:10,Drake,Passionfruit,298940
147,2023-11-04 01:18,Drake,Used To,136152
148,2023-11-04 01:21,Drake,Jimmy Cooks (feat. 21 Savage),3670
149,2023-11-04 01:21,Drake,Passionfruit,870
150,2023-11-04 01:21,Drake,Portland,138730
151,2023-11-04 01:25,Drake,Fake Love,210937
152,2023-11-04 01:28,Drake,Portland,149688
153,2023-11-04 02:55,Drake,Portland,86910
154,2023-11-04 03:34,Drake,10 Bands,11605
155,2023-11-04 03:34,Drake,I'm Upset,97709
156,2023-11-04 03:34,Drake,Portland,1344
157,2023-11-04 03:34,Drake,Know Yourself,725
158,2023-11-04 03:35,Marvin Gaye,Mercy Mercy Me (The Ecology),1045
159,2023-11-04 03:35,Marvin Gaye,What's Going On,6485
160,2023-11-04 03:38,Marvin Gaye,Mercy Mercy Me (The Ecology),193573
161,2023-11-04 03:42,Giveon,Like I Want You,260776
162,2023-11-04 03:58,SZA,Snooze,163018
163,2023-11-04 03:58,Ariana Grande,One Last Time,4522
164,2023-11-04 03:59,Frank Ocean,Pink + White,4906
165,2023-11-04 03:59,Ariana Grande,34+35,69290
166,2023-11-04 04:00,H.E.R.,Comfortable,3968
167,2023-11-04 04:00,SZA,Snooze (Acoustic) (feat. Justin Bieber),30741
168,2023-11-04 04:00,Lana Del Rey,Fuck it I love you,1834
169,2023-11-04 04:00,Daniel Caesar,Japanese Denim,19391
170,2023-11-04 04:01,Giveon,Stuck On You,13823
171,2023-11-04 04:01,Ariana Grande,"thank u, next",1258
172,2023-11-04 04:01,Ariana Grande,7 rings,6442
173,2023-11-04 04:01,Giveon,For Tonight,7829
174,2023-11-04 04:01,Ariana Grande,safety net (feat. Ty Dolla $ign),11029
175,2023-11-04 04:01,Ariana Grande,"break up with your girlfriend, i'm bored",938
176,2023-11-04 04:02,Giveon,Stuck On You,12202
177,2023-11-04 04:02,Drake,Chicago Freestyle (feat. Giveon),46141
178,2023-11-04 04:07,SZA,Snooze,201800
179,2023-11-04 04:18,Giveon,Like I Want You,484608
180,2023-11-04 04:36,Giveon,Heartbreak Anniversary,198370
181,2023-11-04 04:51,SZA,Snooze,290
182,2023-11-04 04:51,The Weeknd,Die For You,1010
183,2023-11-04 04:51,SZA,Kill Bill,24087
184,2023-11-04 04:55,Giveon,Like I Want You,260776
185,2023-11-04 04:58,Giveon,Heartbreak Anniversary,198370
186,2023-11-04 05:01,SZA,Kill Bill,153946
187,2023-11-04 05:05,The Weeknd,Die For You,260253
188,2023-11-04 05:08,Ariana Grande,34+35,173710
189,2023-11-04 05:12,Daniel Caesar,Best Part (feat. H.E.R.),209831
190,2023-11-04 05:16,Daniel Caesar,Get You (feat. Kali Uchis),278179
191,2023-11-04 05:20,Daniel Caesar,Always,225312
192,2023-11-04 05:22,BIGBANG,FXXK IT,6780
193,2023-11-04 05:22,Daniel Caesar,Get You (feat. Kali Uchis),760
194,2023-11-04 05:22,Daniel Caesar,Always,4390
195,2023-11-04 05:22,Frank Ocean,Pink + White,86558
196,2023-11-04 05:22,The Weeknd,Die For You,870
197,2023-11-04 05:24,BIGBANG,Fantastic Baby,112440
198,2023-11-04 05:27,Drake,10 Bands,30730
199,2023-11-04 05:31,Marvin Gaye,Mercy Mercy Me (The Ecology),193573
200,2023-11-04 05:46,Marvin Gaye,Let's Get It On,291360
201,2023-11-04 05:50,Keyshia Cole,Love,255333
202,2023-11-04 05:55,Michael Jackson,Billie Jean,294226
203,2023-11-04 05:59,Michael Jackson,Rock with You - Single Version,220626
204,2023-11-04 06:02,Stevie Wonder,Isn't She Lovely,199386
205,2023-11-04 06:09,"Grover Washington, Jr.",Just the Two of Us (feat. Bill Withers),438493
206,2023-11-04 06:12,The Jackson 5,I Want You Back,179226
207,2023-11-04 06:16,Al Green,Let's Stay Together,199396
208,2023-11-04 06:20,Billy Paul,Me and Mrs. Jones,245967
209,2023-11-04 06:31,Billy Paul,Me and Mrs. Jones,3402
210,2023-11-04 06:39,Daniel Caesar,Always,225312
211,2023-11-04 09:55,Justin Bieber,Peaches (feat. Daniel Caesar & Giveon),300
212,2023-11-04 09:55,KIDS SEE GHOSTS,4th Dimension,2460
213,2023-11-04 09:55,KIDS SEE GHOSTS,Reborn,5150
214,2023-11-04 09:55,KIDS SEE GHOSTS,Reborn,40350
215,2023-11-04 09:55,KIDS SEE GHOSTS,Feel The Love,1970
216,2023-11-04 10:00,Giveon,Like I Want You,254490
217,2023-11-04 10:03,SZA,Snooze,201800
218,2023-11-04 10:07,Giveon,Like I Want You,260776
219,2023-11-04 10:11,Giveon,Heartbreak Anniversary,198370
220,2023-11-04 10:13,Dua Lipa,Levitating (feat. DaBaby),18371
221,2023-11-04 10:13,SZA,Kill Bill,153946
222,2023-11-04 10:18,The Weeknd,Die For You,260253
223,2023-11-04 10:20,Ariana Grande,34+35,173710
224,2023-11-04 10:24,Daniel Caesar,Best Part (feat. H.E.R.),209831
225,2023-11-04 10:29,Daniel Caesar,Get You (feat. Kali Uchis),278179
226,2023-11-04 10:32,Daniel Caesar,Always,225312
227,2023-11-04 10:35,Frank Ocean,Pink + White,184516
228,2023-11-04 10:39,SZA,Snooze,201800
229,2023-11-04 10:43,Giveon,Like I Want You,260776
230,2023-11-04 10:47,Giveon,Heartbreak Anniversary,198370
231,2023-11-04 10:49,SZA,Kill Bill,153946
232,2023-11-04 10:53,The Weeknd,Die For You,260253
233,2023-11-04 10:56,Ariana Grande,34+35,173710
234,2023-11-04 11:00,Daniel Caesar,Best Part (feat. H.E.R.),209831
235,2023-11-04 11:05,Daniel Caesar,Get You (feat. Kali Uchis),278179
236,2023-11-04 11:08,Daniel Caesar,Always,225312
237,2023-11-04 11:11,Frank Ocean,Pink + White,184516
238,2023-11-04 11:15,SZA,Snooze,201800
239,2023-11-04 11:19,Giveon,Like I Want You,260776
240,2023-11-04 11:22,Giveon,Heartbreak Anniversary,198370
241,2023-11-04 11:25,SZA,Kill Bill,153946
242,2023-11-04 11:29,The Weeknd,Die For You,260253
243,2023-11-04 11:32,Ariana Grande,34+35,173710
244,2023-11-04 11:36,Daniel Caesar,Best Part (feat. H.E.R.),209831
245,2023-11-04 11:40,Daniel Caesar,Get You (feat. Kali Uchis),278179
246,2023-11-04 11:44,Daniel Caesar,Always,225312
247,2023-11-04 11:47,Frank Ocean,Pink + White,184516
248,2023-11-04 11:51,SZA,Snooze,201800
249,2023-11-04 11:55,Giveon,Like I Want You,260776
250,2023-11-04 11:58,Giveon,Heartbreak Anniversary,198370
251,2023-11-04 12:01,SZA,Kill Bill,153946
252,2023-11-04 12:05,The Weeknd,Die For You,260253
253,2023-11-04 12:08,Ariana Grande,34+35,173710
254,2023-11-04 12:12,Daniel Caesar,Best Part (feat. H.E.R.),209831
255,2023-11-04 12:16,Daniel Caesar,Get You (feat. Kali Uchis),278179
256,2023-11-04 12:20,Daniel Caesar,Always,225312
257,2023-11-04 12:23,Frank Ocean,Pink + White,184516
258,2023-11-04 12:26,SZA,Snooze,201800
259,2023-11-04 12:31,Giveon,Like I Want You,260776
260,2023-11-04 12:34,Giveon,Heartbreak Anniversary,198370
261,2023-11-04 12:37,SZA,Kill Bill,153946
262,2023-11-04 12:41,The Weeknd,Die For You,260253
263,2023-11-04 12:44,Ariana Grande,34+35,173710
264,2023-11-04 12:47,Daniel Caesar,Best Part (feat. H.E.R.),209831
265,2023-11-04 12:52,Daniel Caesar,Get You (feat. Kali Uchis),278179
266,2023-11-04 12:56,Daniel Caesar,Always,225312
267,2023-11-04 12:59,Frank Ocean,Pink + White,184516
268,2023-11-04 13:02,SZA,Snooze,201800
269,2023-11-04 13:07,Giveon,Like I Want You,260776
270,2023-11-04 13:10,Giveon,Heartbreak Anniversary,198370
271,2023-11-04 13:13,SZA,Kill Bill,153946
272,2023-11-04 13:17,The Weeknd,Die For You,260253
273,2023-11-04 13:20,Ariana Grande,34+35,173710
274,2023-11-04 13:23,Daniel Caesar,Best Part (feat. H.E.R.),209831
275,2023-11-04 13:28,Daniel Caesar,Get You (feat. Kali Uchis),278179
276,2023-11-04 13:32,Daniel Caesar,Always,225312
277,2023-11-04 13:35,SZA,Snooze,16288
278,2023-11-04 13:35,Frank Ocean,Pink + White,184516
279,2023-11-04 21:42,SZA,Snooze,201800
280,2023-11-04 21:47,Giveon,Like I Want You,260776
281,2023-11-04 21:56,Giveon,Like I Want You,260776
282,2023-11-04 22:06,SZA,Snooze,680
283,2023-11-04 22:06,Giveon,Heartbreak Anniversary,188893
284,2023-11-04 22:10,Giveon,Like I Want You,260776
285,2023-11-04 22:15,Giveon,Heartbreak Anniversary,157953
286,2023-11-04 22:55,Giveon,Heartbreak Anniversary,102386
287,2023-11-04 23:00,Daniel Caesar,Always,225312
288,2023-11-04 23:03,Frank Ocean,Pink + White,184516
289,2023-11-04 23:38,SZA,Snooze,14930
290,2023-11-04 23:40,SZA,Snooze,100950
291,2023-11-04 23:41,SZA,Snooze,100853
292,2023-11-04 23:46,Giveon,Like I Want You,260776
293,2023-11-04 23:49,Giveon,Heartbreak Anniversary,198370
294,2023-11-04 23:52,SZA,Kill Bill,153946
295,2023-11-04 23:56,The Weeknd,Die For You,260253
296,2023-11-04 23:59,Ariana Grande,34+35,173710
297,2023-11-05 00:02,Daniel Caesar,Best Part (feat. H.E.R.),209831
298,2023-11-05 00:07,Daniel Caesar,Get You (feat. Kali Uchis),278179
299,2023-11-05 00:11,Daniel Caesar,Always,225312
300,2023-11-05 00:14,Frank Ocean,Pink + White,184516
301,2023-11-05 00:17,SZA,Snooze,201800
302,2023-11-05 00:22,Giveon,Like I Want You,260776
303,2023-11-05 00:25,Giveon,Heartbreak Anniversary,198370
304,2023-11-05 00:28,SZA,Kill Bill,153946
305,2023-11-05 00:29,The Weeknd,Die For You,60175
306,2023-11-05 00:29,Ariana Grande,34+35,970
307,2023-11-05 00:32,Daniel Caesar,Best Part (feat. H.E.R.),209831
308,2023-11-05 00:37,Daniel Caesar,Get You (feat. Kali Uchis),278179
309,2023-11-05 00:40,Daniel Caesar,Always,225312
310,2023-11-05 00:44,Frank Ocean,Pink + White,184516
311,2023-11-05 00:47,SZA,Snooze,201800
312,2023-11-05 00:51,Giveon,Like I Want You,260776
313,2023-11-05 00:55,Giveon,Heartbreak Anniversary,198370
314,2023-11-05 00:57,SZA,Kill Bill,153946
315,2023-11-05 01:09,SZA,Snooze,3820
316,2023-11-05 01:09,Daniel Caesar,Get You (feat. Kali Uchis),190
317,2023-11-05 01:09,Daniel Caesar,Always,450
318,2023-11-05 01:09,Daniel Caesar,Best Part (feat. H.E.R.),250
319,2023-11-05 01:09,Frank Ocean,Pink + White,180
320,2023-11-05 01:09,The Weeknd,Die For You,130056
321,2023-11-05 01:09,Ariana Grande,34+35,430
322,2023-11-05 01:14,Marvin Gaye,Mercy Mercy Me (The Ecology),193573
323,2023-11-05 02:09,Marvin Gaye,Let's Get It On,291360
324,2023-11-05 05:06,Giveon,Heartbreak Anniversary,40427
325,2023-11-05 05:09,SZA,Kill Bill,153946
326,2023-11-05 05:13,The Weeknd,Die For You,260253
327,2023-11-05 05:14,Ariana Grande,34+35,14052
328,2023-11-05 06:23,Keyshia Cole,Love,33361
329,2023-11-05 06:24,Kodak Black,ZEZE (feat. Travis Scott & Offset),35735
330,2023-11-05 06:27,Kodak Black,ZEZE (feat. Travis Scott & Offset),185666
331,2023-11-05 06:29,Kanye West,Father Stretch My Hands Pt. 1,135920
332,2023-11-05 06:30,Kanye West,All Falls Down,65384
333,2023-11-05 06:37,21 Savage,Glock In My Lap,193591
334,2023-11-05 06:42,Travis Scott,goosebumps,243836
335,2023-11-05 06:51,A$AP Rocky,Praise The Lord (Da Shine) (feat. Skepta),109710
336,2023-11-05 06:52,Lil Baby,Low Down,1114
337,2023-11-05 06:54,Drake,10 Bands,177733
338,2023-11-05 06:57,Baby Keem,ORANGE SODA,129882
339,2023-11-05 06:59,Baby Keem,16,156040
340,2023-11-05 07:02,Lil Baby,Drip Too Hard (Lil Baby & Gunna),145542
341,2023-11-05 07:05,J. Cole,p r i d e . i s . t h e . d e v i l (with Lil Baby),218210
342,2023-11-05 07:08,Meek Mill,Going Bad (feat. Drake),180522
343,2023-11-05 07:13,Kanye West,POWER,292093
344,2023-11-05 07:16,Lil Baby,Yes Indeed,142273
345,2023-11-05 07:19,Kanye West,Homecoming,203493
346,2023-11-05 07:23,Kanye West,Praise God,226652
347,2023-11-05 07:26,Kanye West,Gold Digger,207626
348,2023-11-05 07:30,Drake,God's Plan,198973
349,2023-11-05 07:35,Travis Scott,90210 (feat. Kacy Hill),339066
350,2023-11-05 07:38,Lil Baby,Freestyle,162053
351,2023-11-05 07:41,21 Savage,Runnin,195906
352,2023-11-05 07:45,Travis Scott,I KNOW ?,211582
353,2023-11-05 07:50,J. Cole,No Role Modelz,292799
354,2023-11-05 07:51,Future,Wicked,82811
355,2023-11-05 07:54,Metro Boomin,10 Freaky Girls (with 21 Savage),208293
356,2023-11-05 07:58,Metro Boomin,Too Many Nights (feat. Don Toliver & with Future),199920
357,2023-11-05 08:01,Sheck Wes,Mo Bamba,183906
358,2023-11-05 08:05,21 Savage,Rich Nigga Shit (feat. Young Thug),190331
359,2023-11-05 08:08,21 Savage,Bank Account,220306
360,2023-11-05 08:12,Lil Uzi Vert,Money Longer,198944
361,2023-11-05 08:16,J. Cole,Wet Dreamz,239266
362,2023-11-05 08:19,Metro Boomin,Space Cadet (feat. Gunna),203266
363,2023-11-05 09:01,David Guetta,Satisfaction - Hardwell & Maddix Remix,5570
364,2023-11-05 09:01,FISHER,TAKE IT OFF,5250
365,2023-11-05 09:01,Travis Scott,FE!N (feat. Playboi Carti),2720
366,2023-11-05 09:01,Kanye West,Touch The Sky,74220
367,2023-11-05 09:01,Pegassi,Billie Eilish,2620
368,2023-11-05 09:01,LOSTBOYJAY,COULD BE WRONG,7700
369,2023-11-05 09:01,Tiësto,Drifting,980
370,2023-11-05 09:03,SZA,Snooze,72020
371,2023-11-05 09:07,Giveon,Like I Want You,260776
372,2023-11-05 09:10,Giveon,Heartbreak Anniversary,198370
373,2023-11-05 09:11,Giveon,Heartbreak Anniversary,1621
374,2023-11-05 09:11,SZA,Kill Bill,60684
375,2023-11-05 09:16,Giveon,Like I Want You,260776
376,2023-11-05 10:36,Giveon,Heartbreak Anniversary,78865
377,2023-11-05 10:40,Giveon,Like I Want You,260776
378,2023-11-05 10:42,Giveon,Heartbreak Anniversary,135839
379,2023-11-05 20:22,Dr. Dre,Keep Their Heads Ringin',1070
380,2023-11-05 20:22,Dr. Dre,Still D.R.E.,11180
381,2023-11-05 20:22,Dr. Dre,Forgot About Dre,2910
382,2023-11-05 20:22,Dr. Dre,The Watcher,950
383,2023-11-05 20:22,Lil Nas X,STAR WALKIN' (League of Legends Worlds Anthem),44880
384,2023-11-05 20:23,Dr. Dre,Still D.R.E.,9540
385,2023-11-05 20:23,Dr. Dre,Xxplosive,5310
386,2023-11-05 20:23,Travis Scott,5% TINT,1550
387,2023-11-05 20:23,Dr. Dre,The Watcher,15810
388,2023-11-05 20:24,Travis Scott,CAN'T SAY,77890
389,2023-11-05 20:24,Travis Scott,SICKO MODE,940
390,2023-11-05 20:24,Travis Scott,5% TINT,1120
391,2023-11-05 20:24,Travis Scott,R.I.P. SCREW,7310
392,2023-11-05 20:24,Travis Scott,STARGAZING,1920
393,2023-11-05 20:25,Travis Scott,CAN'T SAY,17690
394,2023-11-05 20:25,Travis Scott,YOSEMITE,3140
395,2023-11-05 20:25,Gunna,Drip or Drown,11490
396,2023-11-05 20:25,Young Thug,Hot (Remix) [feat. Gunna and Travis Scott],21560
397,2023-11-05 20:26,Travis Scott,beibs in the trap,6430
398,2023-11-05 20:26,Eminem,Mockingbird,21470
399,2023-11-05 20:26,Travis Scott,sdp interlude,13890
400,2023-11-05 20:27,Eminem,Without Me,14810
401,2023-11-05 20:27,Eminem,Stan,2790
402,2023-11-05 20:27,Eminem,My Name Is,12720
403,2023-11-05 20:27,Eminem,My Name Is,21020
404,2023-11-05 20:27,Eminem,The Real Slim Shady,5090
405,2023-11-05 20:27,Eminem,Till I Collapse,1100
406,2023-11-05 20:28,Eminem,No Love,6190
407,2023-11-05 20:28,Eminem,Love The Way You Lie,8820
408,2023-11-05 20:28,Lil Wayne,Lollipop,2910
409,2023-11-05 20:28,Eminem,Not Afraid,7870
410,2023-11-05 20:28,Lil Wayne,Love Me,1340
411,2023-11-05 20:28,Drake,Forever,20830
412,2023-11-05 20:29,Dr. Dre,Still D.R.E.,33640
413,2023-11-05 20:29,50 Cent,If I Can't,23960
414,2023-11-05 20:29,50 Cent,Many Men (Wish Death),10860
415,2023-11-05 20:31,2Pac,California Love - Original Version,110030
416,2023-11-05 20:32,2Pac,Changes,9730
417,2023-11-05 20:32,2Pac,Ambitionz Az A Ridah,1450
418,2023-11-05 20:32,The Notorious B.I.G.,Hypnotize - 2014 Remaster,1920
419,2023-11-05 20:32,The Notorious B.I.G.,Big Poppa - 2005 Remaster,3990
420,2023-11-05 20:32,The Notorious B.I.G.,Mo Money Mo Problems (feat. Puff Daddy & Mase) - 2014 Remaster,13330
421,2023-11-05 20:32,2Pac,Hit 'Em Up - Single Version,24570
422,2023-11-05 20:32,The Notorious B.I.G.,Juicy - 2005 Remaster,2100
423,2023-11-05 20:32,2Pac,All Eyez On Me (ft. Big Syke),1480
424,2023-11-05 23:12,The Notorious B.I.G.,Party And Bullshit,1183
425,2023-11-05 23:12,A$AP Rocky,Praise The Lord (Da Shine) (feat. Skepta),981
426,2023-11-05 23:12,The Notorious B.I.G.,Hypnotize - 2014 Remaster,757
427,2023-11-05 23:12,The Notorious B.I.G.,Big Poppa - 2005 Remaster,53422
428,2023-11-05 23:12,The Notorious B.I.G.,Mo Money Mo Problems (feat. Puff Daddy & Mase) - 2014 Remaster,533
429,2023-11-05 23:12,The Notorious B.I.G.,Juicy - 2005 Remaster,458
430,2023-11-05 23:12,Kanye West,Good Morning,1397
431,2023-11-05 23:18,Drake,Forever,357706
432,2023-11-05 23:23,J. Cole,No Role Modelz,292799
433,2023-11-05 23:26,Future,Mask Off,204600
434,2023-11-05 23:30,Travis Scott,I KNOW ?,211582
435,2023-11-05 23:32,Kanye West,Father Stretch My Hands Pt. 1,135920
436,2023-11-05 23:47,21 Savage,X (feat. Future),153948
437,2023-11-05 23:47,Kanye West,Father Stretch My Hands Pt. 1,928
438,2023-11-05 23:47,Travis Scott,STARGAZING,3459
439,2023-11-05 23:50,Kendrick Lamar,Money Trees,189753
440,2023-11-05 23:52,Skrillex,Bangarang (feat. Sirah),18808
441,2023-11-05 23:57,Zedd,Clarity,271426
442,2023-11-06 00:03,Sigma,Nobody To Love,75606
443,2023-11-06 00:05,Benny Benassi,Cinema,151719
444,2023-11-06 00:08,Calvin Harris,Summer,167137
445,2023-11-06 00:53,Calvin Harris,Summer,3413
446,2023-11-06 01:21,Drake,Energy,740
447,2023-11-06 01:21,Kanye West,Violent Crimes,1020
448,2023-11-06 01:21,Kanye West,Say You Will,1630
449,2023-11-06 01:21,Kanye West,Heartless,1170
450,2023-11-06 01:21,Drake,"Hold On, We're Going Home",950
451,2023-11-06 01:21,Drake,10 Bands,13380
452,2023-11-06 01:21,Drake,From Time,8240
453,2023-11-06 01:21,Drake,Started From the Bottom,3670
454,2023-11-06 01:21,Kanye West,Amazing,5660
455,2023-11-06 01:21,Drake,Used To,1250
456,2023-11-06 01:21,Drake,Know Yourself,1530
457,2023-11-06 01:22,Kanye West,Ghost Town,18650
458,2023-11-06 02:16,Giveon,Like I Want You,137450
459,2023-11-06 02:16,Kanye West,Touch The Sky,17391
460,2023-11-06 02:20,Giveon,Like I Want You,260776
461,2023-11-06 02:53,Giveon,Heartbreak Anniversary,185535
462,2023-11-06 02:57,Giveon,Like I Want You,260776
463,2023-11-06 02:58,Daniel Caesar,Always,5930
464,2023-11-06 02:58,Frank Ocean,Pink + White,0
465,2023-11-06 02:58,Giveon,Heartbreak Anniversary,30313
466,2023-11-06 02:58,SZA,Kill Bill,2570
467,2023-11-06 02:58,Ariana Grande,34+35,18650
468,2023-11-06 03:19,SZA,Snooze,124991
469,2023-11-06 03:22,SZA,Snooze,201800
470,2023-11-06 03:27,Giveon,Like I Want You,260776
471,2023-11-06 03:30,Giveon,Heartbreak Anniversary,198370
472,2023-11-06 03:33,SZA,Kill Bill,153946
473,2023-11-06 03:47,The Weeknd,Die For You,105879
474,2023-11-06 03:47,Lil Baby,Drip Too Hard (Lil Baby & Gunna),3130
475,2023-11-06 03:49,Drake,First Person Shooter (feat. J. Cole),1996
476,2023-11-06 03:49,Drake,Energy,120256
477,2023-11-06 03:49,Drake,Fair Trade (with Travis Scott),2182
478,2023-11-06 03:49,Drake,IDGAF (feat. Yeat),2113
479,2023-11-06 03:56,Drake,Fake Love,95619
480,2023-11-06 04:00,Pop Smoke,Dior,216386
481,2023-11-06 04:03,Don Toliver,After Party,167915
482,2023-11-06 04:07,JID,Surround Sound (feat. 21 Savage & Baby Tate),229938
483,2023-11-06 04:10,21 Savage,Bank Account,220306
484,2023-11-06 04:14,J. Cole,p r i d e . i s . t h e . d e v i l (with Lil Baby),218210
485,2023-11-06 04:18,Drake,First Person Shooter (feat. J. Cole),247444
486,2023-11-06 04:23,Drake,Fair Trade (with Travis Scott),291175
487,2023-11-06 04:27,J. Cole,Wet Dreamz,239266
488,2023-11-06 04:32,Travis Scott,SICKO MODE,312820
489,2023-11-06 04:36,Kendrick Lamar,Alright,219333
490,2023-11-06 04:39,Kanye West,Homecoming,203493
491,2023-11-06 04:42,Pop Smoke,For The Night (feat. Lil Baby & DaBaby),190476
492,2023-11-06 04:45,"Tyler, The Creator",See You Again (feat. Kali Uchis),180386
493,2023-11-06 04:46,Rae Sremmurd,Black Beatles,45526
494,2023-11-06 06:20,Migos,T-Shirt,115951
495,2023-11-06 06:24,SZA,Snooze,201800
496,2023-11-06 06:28,Giveon,Like I Want You,260776
497,2023-11-06 06:30,Giveon,Heartbreak Anniversary,121674
498,2023-11-06 06:33,NewJeans,Super Shy,154666
499,2023-11-06 06:34,FIFTY FIFTY,Cupid - Twin Ver.,92427
500,2023-11-06 06:46,FIFTY FIFTY,Cupid - Twin Ver.,81840
501,2023-11-06 06:47,aespa,Black Mamba,27724
502,2023-11-06 06:47,NewJeans,Super Shy,8380
503,2023-11-06 06:50,BLACKPINK,BOOMBAYAH,1323
504,2023-11-06 06:50,BLACKPINK,WHISTLE,6873
505,2023-11-06 06:50,BLACKPINK,How You Like That,159474
506,2023-11-06 06:51,Drake,Portland,41772
507,2023-11-06 06:58,Dr. Dre,"Nuthin' But A ""G"" Thang",150039
508,2023-11-06 07:02,Drake,In My Feelings,217925
509,2023-11-06 07:04,Drake,Fair Trade (with Travis Scott),1650
510,2023-11-06 07:04,Drake,"Hold On, We're Going Home",118574
511,2023-11-06 10:32,Young Thug,pick up the phone,124560
512,2023-11-06 10:35,SZA,Snooze,150215
513,2023-11-06 18:05,SZA,Snooze,201800
514,2023-11-06 18:52,Daniel Caesar,Always,225312
515,2023-11-06 18:55,SZA,Kill Bill,153946
516,2023-11-06 18:58,SZA,Snooze,201800
517,2023-11-06 22:05,SZA,Snooze,77066
518,2023-11-06 22:09,Giveon,Like I Want You,260776
519,2023-11-06 22:13,Giveon,Heartbreak Anniversary,198370
520,2023-11-06 22:15,SZA,Kill Bill,153946
521,2023-11-06 22:20,The Weeknd,Die For You,260253
522,2023-11-06 22:22,Ariana Grande,34+35,173710
523,2023-11-06 22:26,Daniel Caesar,Best Part (feat. H.E.R.),209831
524,2023-11-06 23:38,Daniel Caesar,Get You (feat. Kali Uchis),278179
525,2023-11-06 23:38,Daniel Caesar,Always,1315
526,2023-11-06 23:56,Daniel Caesar,Always,14612
527,2023-11-07 00:00,SZA,Snooze,201800
528,2023-11-07 00:09,Lil Baby,Freestyle,1150
529,2023-11-07 00:09,Lil Baby,Freestyle,3110
530,2023-11-07 00:09,Baby Keem,family ties (with Kendrick Lamar),2370
531,2023-11-07 00:09,Lil Baby,On Me,11330
532,2023-11-07 00:09,Daniel Caesar,Always,158267
533,2023-11-07 00:09,Offset,Ric Flair Drip (with Metro Boomin),470
534,2023-11-07 00:09,Metro Boomin,Space Cadet (feat. Gunna),1980
535,2023-11-07 00:09,Metro Boomin,10 Freaky Girls (with 21 Savage),750
536,2023-11-07 00:09,Gunna,Drip or Drown,6450
537,2023-11-07 00:12,Quality Control,Baby (Lil Baby feat. DaBaby),142417
538,2023-11-07 00:14,Lil Baby,Drip Too Hard (Lil Baby & Gunna),145542
539,2023-11-07 00:19,Lil Baby,Low Down,144651
540,2023-11-07 00:22,Lil Baby,Freestyle,162053
541,2023-11-07 00:24,Lil Baby,Yes Indeed,142273
542,2023-11-07 00:35,Lil Baby,Pure Cocaine,154023
543,2023-11-07 00:39,Drake,Wants and Needs (feat. Lil Baby),192956
544,2023-11-07 00:41,Quality Control,Baby (Lil Baby feat. DaBaby),142417
545,2023-11-07 00:43,Lil Baby,Drip Too Hard (Lil Baby & Gunna),145542
546,2023-11-07 00:46,Lil Baby,Low Down,144651
547,2023-11-07 00:49,Lil Baby,Freestyle,162053
548,2023-11-07 00:51,Lil Baby,Yes Indeed,142273
549,2023-11-07 01:24,Lil Baby,Pure Cocaine,154023
550,2023-11-07 01:30,Drake,Wants and Needs (feat. Lil Baby),143193
551,2023-11-07 03:33,Baby Keem,lost souls (with Brent Faiyaz),41840
552,2023-11-07 03:35,SZA,Snooze,73770
553,2023-11-07 03:35,Vince Guaraldi Trio,Linus And Lucy,8650
554,2023-11-07 03:38,H.E.R.,Comfortable,5710
555,2023-11-07 03:38,SZA,Snooze,182780
556,2023-11-07 03:38,H.E.R.,Could've Been (feat. Bryson Tiller),18680
557,2023-11-07 03:38,Omar Apollo,Killing Me,1980
558,2023-11-07 03:38,Ariana Grande,safety net (feat. Ty Dolla $ign),3370
559,2023-11-07 03:39,Keyshia Cole,Love,45180
560,2023-11-07 03:39,Frank Ocean,Ivy,15960
561,2023-11-07 03:39,Brent Faiyaz,Trust,11050
562,2023-11-07 03:40,Bryson Tiller,Don't,8240
563,2023-11-07 03:40,Brent Faiyaz,Let Me Know,5530
564,2023-11-07 03:40,SZA,Good Days,5200
565,2023-11-07 03:40,Miguel,All I Want Is You (feat. J. Cole),2420
566,2023-11-07 03:40,The Weeknd,Save Your Tears (with Ariana Grande) (Remix),19560
567,2023-11-07 03:40,PARTYNEXTDOOR,Break from Toronto,9500
568,2023-11-07 03:40,Gesaffelstein,Lost in the Fire (feat. The Weeknd),1480
569,2023-11-07 03:40,Swedish House Mafia,Moth To A Flame (with The Weeknd),1730
570,2023-11-07 03:41,Calum Scott,Dancing On My Own,2530
571,2023-11-07 03:41,XXXTENTACION,Jocelyn Flores,16890
572,2023-11-07 03:41,Brent Faiyaz,Clouded,25910
573,2023-11-07 03:41,Lost Frequencies,Where Are You Now,6550
574,2023-11-07 03:45,Baby Keem,lost souls (with Brent Faiyaz),8470
575,2023-11-07 03:45,Calum Scott,You Are The Reason,41040
576,2023-11-07 03:45,Baby Keem,16,5090
577,2023-11-07 03:45,Baby Keem,trademark usa,3060
578,2023-11-07 03:46,"Tyler, The Creator",See You Again (feat. Kali Uchis),4130
579,2023-11-07 03:46,Drake,Teenage Fever,21230
580,2023-11-07 03:46,Giveon,Stuck On You,12790
581,2023-11-07 03:46,PARTYNEXTDOOR,Break from Toronto,5690
582,2023-11-07 03:46,Daniel Caesar,Japanese Denim,38950
583,2023-11-07 03:47,Kali Uchis,"After The Storm (feat. Tyler, The Creator & Bootsy Collins)",6520
584,2023-11-07 03:47,Drake,Jungle,17970
585,2023-11-07 03:48,SZA,Snooze,2330
586,2023-11-07 03:48,Frank Ocean,Ivy,900
587,2023-11-07 03:48,Bruno Mars,After Last Night (with Thundercat & Bootsy Collins),6240
588,2023-11-07 03:48,Bruno Mars,After Last Night (with Thundercat & Bootsy Collins),61360
589,2023-11-07 03:48,Drake,Marvins Room,17270
590,2023-11-07 03:49,Frank Ocean,Nights,8130
591,2023-11-07 03:49,Frank Ocean,Ivy,1500
592,2023-11-07 03:49,Frank Ocean,Pink + White,2340
593,2023-11-07 03:49,Ariana Grande,positions,25230
594,2023-11-07 03:49,Daniel Caesar,Japanese Denim,1700
595,2023-11-07 03:49,Ariana Grande,34+35,23230
596,2023-11-07 03:50,Ariana Grande,God is a woman,20460
597,2023-11-07 03:50,Ariana Grande,no tears left to cry,3730
598,2023-11-07 03:53,Bruno Mars,After Last Night (with Thundercat & Bootsy Collins),40570
599,2023-11-07 04:40,Baby Keem,lost souls (with Brent Faiyaz),5386
600,2023-11-07 04:40,Bruno Mars,After Last Night (with Thundercat & Bootsy Collins),203731
601,2023-11-07 04:40,Bruno Mars,After Last Night (with Thundercat & Bootsy Collins),770
602,2023-11-07 04:40,SZA,Kill Bill,2280
603,2023-11-07 04:42,"Tyler, The Creator",See You Again (feat. Kali Uchis),900
604,2023-11-07 04:42,Kali Uchis,"After The Storm (feat. Tyler, The Creator & Bootsy Collins)",120050
605,2023-11-07 04:42,Kendrick Lamar,LOVE. FEAT. ZACARI.,10
606,2023-11-07 04:44,Baby Keem,lost souls (with Brent Faiyaz),72916
607,2023-11-07 04:52,Kali Uchis,"After The Storm (feat. Tyler, The Creator & Bootsy Collins)",195589
608,2023-11-07 04:56,Bruno Mars,After Last Night (with Thundercat & Bootsy Collins),249444
609,2023-11-07 04:59,Baby Keem,16,156040
610,2023-11-07 05:02,Ariana Grande,34+35,173710
611,2023-11-07 05:06,Kendrick Lamar,LOVE. FEAT. ZACARI.,213400
612,2023-11-07 05:10,Frank Ocean,Ivy,249191
613,2023-11-07 05:13,SZA,Snooze,201800
614,2023-11-07 05:18,Drake,Jungle,320400
615,2023-11-07 05:21,SZA,Kill Bill,153946
616,2023-11-07 05:26,Daniel Caesar,Japanese Denim,270846
617,2023-11-07 05:30,Daniel Caesar,Get You (feat. Kali Uchis),278179
618,2023-11-07 05:33,"Tyler, The Creator",See You Again (feat. Kali Uchis),180386
619,2023-11-07 05:37,Metro Boomin,Creepin' (with The Weeknd & 21 Savage),221520
620,2023-11-07 05:40,Daniel Caesar,Best Part (feat. H.E.R.),209831
621,2023-11-07 05:42,XXXTENTACION,Jocelyn Flores,119133
622,2023-11-07 05:47,Baby Keem,lost souls (with Brent Faiyaz),269727
623,2023-11-07 05:54,Frank Ocean,Pink + White,155431
624,2023-11-07 05:59,The Weeknd,Die For You,260253
625,2023-11-07 06:02,Giveon,Heartbreak Anniversary,198370
626,2023-11-07 06:06,Keyshia Cole,Love,255333
627,2023-11-07 06:24,Giveon,Like I Want You,167574
628,2023-11-07 06:29,Keyshia Cole,Love,255333
629,2023-11-07 06:33,Giveon,Like I Want You,260776
630,2023-11-07 07:04,Daniel Caesar,Always,225312
631,2023-11-07 07:46,Kali Uchis,"After The Storm (feat. Tyler, The Creator & Bootsy Collins)",80204
632,2023-11-07 07:47,Kendrick Lamar,Die Hard,59730
633,2023-11-07 07:47,Kendrick Lamar,Father Time (feat. Sampha),2450
634,2023-11-07 07:47,Kendrick Lamar,Worldwide Steppers,1590
635,2023-11-07 07:47,Kendrick Lamar,We Cry Together,5120
636,2023-11-07 07:47,Kendrick Lamar,Rich Spirit,2990
637,2023-11-07 07:47,Kendrick Lamar,Rich Spirit,2090
638,2023-11-07 08:34,Kendrick Lamar,Mr. Morale,6080
639,2023-11-07 08:34,Kendrick Lamar,Die Hard,1080
640,2023-11-07 08:34,Kendrick Lamar,Father Time (feat. Sampha),1520
641,2023-11-07 08:34,Kendrick Lamar,N95,730
642,2023-11-07 08:35,Kendrick Lamar,Rich Spirit,18810
643,2023-11-07 08:38,SZA,Snooze,201800
644,2023-11-07 08:43,Giveon,Like I Want You,260776
645,2023-11-07 08:46,Giveon,Heartbreak Anniversary,198370
646,2023-11-07 08:49,SZA,Kill Bill,153946
647,2023-11-07 08:53,The Weeknd,Die For You,260253
648,2023-11-07 08:56,Ariana Grande,34+35,173710
649,2023-11-07 08:59,Daniel Caesar,Best Part (feat. H.E.R.),209831
650,2023-11-07 09:03,Daniel Caesar,Get You (feat. Kali Uchis),251660
651,2023-11-07 09:07,SZA,Snooze,201800
652,2023-11-07 09:10,Ariana Grande,34+35,173710
653,2023-11-07 09:14,The Weeknd,Die For You,260253
654,2023-11-07 09:16,XXXTENTACION,Jocelyn Flores,119133
655,2023-11-07 09:19,SZA,Kill Bill,153946
656,2023-11-07 09:21,Baby Keem,16,156040
657,2023-11-07 09:36,Kendrick Lamar,Mr. Morale,103870
658,2023-11-07 09:37,21 Savage,Mr. Right Now (feat. Drake),330
659,2023-11-07 09:37,21 Savage,Glock In My Lap,31900
660,2023-11-07 09:40,21 Savage,Rich Nigga Shit (feat. Young Thug),96740
661,2023-11-07 09:41,Daniel Caesar,Get You (feat. Kali Uchis),206495
662,2023-11-07 09:43,Kanye West,Devil In A New Dress,205230
663,2023-11-07 09:43,Travis Scott,sdp interlude,3400
664,2023-11-07 09:43,Drake,Chicago Freestyle (feat. Giveon),4480
665,2023-11-07 09:43,Giveon,Heartbreak Anniversary,440
666,2023-11-07 09:43,SZA,Kill Bill,860
667,2023-11-07 09:43,Ariana Grande,34+35,1070
668,2023-11-07 09:44,XXXTENTACION,Jocelyn Flores,700
669,2023-11-07 09:44,Kali Uchis,"After The Storm (feat. Tyler, The Creator & Bootsy Collins)",8160
670,2023-11-07 09:44,Kendrick Lamar,LOVE. FEAT. ZACARI.,760
671,2023-11-07 09:44,The Weeknd,Die For You,790
672,2023-11-07 09:44,The Weeknd,Die For You,180
673,2023-11-07 09:44,Daniel Caesar,Japanese Denim,1280
674,2023-11-07 09:48,Giveon,Like I Want You,260776
675,2023-11-07 09:51,SZA,Kill Bill,153946
676,2023-11-07 09:53,XXXTENTACION,Jocelyn Flores,119133
677,2023-11-07 09:57,Daniel Caesar,Get You (feat. Kali Uchis),278179
678,2023-11-07 10:00,Baby Keem,16,156040
679,2023-11-07 10:04,Daniel Caesar,Always,225312
680,2023-11-07 10:07,Daniel Caesar,Best Part (feat. H.E.R.),209831
681,2023-11-07 10:11,Kendrick Lamar,LOVE. FEAT. ZACARI.,213400
682,2023-11-07 10:14,Metro Boomin,Creepin' (with The Weeknd & 21 Savage),221520
683,2023-11-07 10:20,Drake,Jungle,320400
684,2023-11-07 10:24,Bruno Mars,After Last Night (with Thundercat & Bootsy Collins),249444
685,2023-11-07 10:28,Daniel Caesar,Japanese Denim,270846
686,2023-11-07 10:33,Keyshia Cole,Love,255333
687,2023-11-07 10:36,Giveon,Heartbreak Anniversary,198370
688,2023-11-07 10:40,The Weeknd,Die For You,260253
689,2023-11-07 10:45,Baby Keem,lost souls (with Brent Faiyaz),269727
690,2023-11-07 10:48,Kali Uchis,"After The Storm (feat. Tyler, The Creator & Bootsy Collins)",207454
691,2023-11-07 10:51,"Tyler, The Creator",See You Again (feat. Kali Uchis),180386
692,2023-11-07 10:54,Frank Ocean,Pink + White,184516
693,2023-11-07 10:59,Frank Ocean,Ivy,249191
694,2023-11-07 11:02,SZA,Snooze,201800
695,2023-11-07 11:05,Ariana Grande,34+35,173710
696,2023-11-07 11:09,Giveon,Like I Want You,260776
697,2023-11-07 11:12,SZA,Kill Bill,153946
698,2023-11-07 11:14,XXXTENTACION,Jocelyn Flores,119133
699,2023-11-07 11:18,Daniel Caesar,Get You (feat. Kali Uchis),278179
700,2023-11-07 11:21,Baby Keem,16,156040
701,2023-11-07 11:25,Daniel Caesar,Always,225312
702,2023-11-07 11:28,Daniel Caesar,Best Part (feat. H.E.R.),209831
703,2023-11-07 11:32,Kendrick Lamar,LOVE. FEAT. ZACARI.,213400
704,2023-11-07 11:36,Metro Boomin,Creepin' (with The Weeknd & 21 Savage),221520
705,2023-11-07 11:41,Drake,Jungle,320400
706,2023-11-07 11:45,Bruno Mars,After Last Night (with Thundercat & Bootsy Collins),249444
707,2023-11-07 11:50,Daniel Caesar,Japanese Denim,270846
708,2023-11-07 11:54,Keyshia Cole,Love,255333
709,2023-11-07 11:57,Giveon,Heartbreak Anniversary,198370
710,2023-11-07 12:02,The Weeknd,Die For You,260253
711,2023-11-07 12:06,Baby Keem,lost souls (with Brent Faiyaz),269727
712,2023-11-07 12:09,Kali Uchis,"After The Storm (feat. Tyler, The Creator & Bootsy Collins)",207454
713,2023-11-07 12:13,"Tyler, The Creator",See You Again (feat. Kali Uchis),180386
714,2023-11-07 12:16,Frank Ocean,Pink + White,184516
715,2023-11-07 12:20,Frank Ocean,Ivy,249191
716,2023-11-07 12:23,SZA,Snooze,201800
717,2023-11-07 12:26,Ariana Grande,34+35,173710
718,2023-11-07 12:30,Giveon,Like I Want You,260776
719,2023-11-07 12:32,SZA,Kill Bill,67216
720,2023-11-07 19:01,SZA,Kill Bill,56424
721,2023-11-07 20:25,21 Savage,No Heart,29359
722,2023-11-07 20:25,21 Savage,X (feat. Future),5890
723,2023-11-07 20:26,21 Savage,Rich Nigga Shit (feat. Young Thug),8890
724,2023-11-07 20:26,21 Savage,Glock In My Lap,22330
725,2023-11-07 20:29,21 Savage,Mr. Right Now (feat. Drake),7190
726,2023-11-07 20:29,Metro Boomin,Creepin' (with The Weeknd & 21 Savage),3160
727,2023-11-07 20:29,21 Savage,Rich Nigga Shit (feat. Young Thug),172270
728,2023-11-07 20:29,Metro Boomin,Trance (with Travis Scott & Young Thug),4650
729,2023-11-07 20:30,Arizona Zervas,ROXANNE - Remix,2000
730,2023-11-07 20:30,21 Savage,Runnin,1980
731,2023-11-07 20:30,Metro Boomin,Space Cadet (feat. Gunna),1220
732,2023-11-07 20:30,Metro Boomin,"Annihilate (Spider-Man: Across the Spider-Verse) (Metro Boomin & Swae Lee, Lil Wayne, Offset)",1640
733,2023-11-07 20:30,Metro Boomin,"Am I Dreaming (Metro Boomin & A$AP Rocky, Roisee)",3860
734,2023-11-07 20:30,Metro Boomin,"Calling (Spider-Man: Across the Spider-Verse) (Metro Boomin & Swae Lee, NAV, feat. A Boogie Wit da Hoodie)",5190
735,2023-11-07 22:38,Arizona Zervas,ROXANNE,76814
736,2023-11-07 22:41,SZA,Snooze,166984
737,2023-11-07 23:58,SZA,Snooze,26208
738,2023-11-07 23:58,SZA,Snooze,12100
739,2023-11-07 23:59,XXXTENTACION,Jocelyn Flores,1430
740,2023-11-07 23:59,Frank Ocean,Pink + White,1150
741,2023-11-07 23:59,Giveon,Heartbreak Anniversary,33681
742,2023-11-08 00:06,Baby Keem,lost souls (with Brent Faiyaz),395077
743,2023-11-08 00:07,Baby Keem,16,6680
744,2023-11-08 00:11,Bruno Mars,After Last Night (with Thundercat & Bootsy Collins),249444
745,2023-11-08 02:23,Keyshia Cole,Love,157107
746,2023-11-08 06:05,Keyshia Cole,Love,179976
747,2023-11-08 06:17,The Weeknd,Die For You,221553
748,2023-11-08 06:20,Arizona Zervas,ROXANNE,163636
749,2023-11-08 07:02,SZA,Snooze,2710
750,2023-11-08 07:02,"Tyler, The Creator",See You Again (feat. Kali Uchis),310
751,2023-11-08 07:02,XXXTENTACION,Jocelyn Flores,1930
752,2023-11-08 07:02,Frank Ocean,Ivy,1720
753,2023-11-08 07:02,Daniel Caesar,Get You (feat. Kali Uchis),550
754,2023-11-08 07:02,Kendrick Lamar,LOVE. FEAT. ZACARI.,24360
755,2023-11-08 07:02,Giveon,Like I Want You,4920
756,2023-11-08 07:02,Arizona Zervas,ROXANNE,20998
757,2023-11-08 07:02,The Weeknd,Die For You,3110
758,2023-11-08 07:02,Daniel Caesar,Japanese Denim,1630
759,2023-11-08 07:03,Bruno Mars,Silk Sonic Intro,6120
760,2023-11-08 07:03,"Tyler, The Creator",See You Again (feat. Kali Uchis),22664
761,2023-11-08 07:03,Travis Scott,SIRENS,3379
762,2023-11-08 07:03,Travis Scott,SIRENS,7317
763,2023-11-08 07:03,Travis Scott,MELTDOWN (feat. Drake),0
764,2023-11-08 07:03,Gunna,fukumean,9185
765,2023-11-08 07:03,Dr. Dre,The Next Episode,2975
766,2023-11-08 07:03,Gunna,rodeo dr,7074
767,2023-11-08 07:04,Bruno Mars,Silk Sonic Intro,8609
768,2023-11-08 07:04,Bruno Mars,Silk Sonic Intro,4647
769,2023-11-08 07:04,Travis Scott,MELTDOWN (feat. Drake),2462
770,2023-11-08 07:04,Kali Uchis,"After The Storm (feat. Tyler, The Creator & Bootsy Collins)",6613
771,2023-11-08 07:04,Kali Uchis,"After The Storm (feat. Tyler, The Creator & Bootsy Collins)",910
772,2023-11-08 07:04,Roddy Ricch,The Box,6907
773,2023-11-08 07:04,Young Nudy,EA (feat. 21 Savage),650
774,2023-11-08 07:04,Travis Scott,BUTTERFLY EFFECT,1642
775,2023-11-08 07:04,Drake,8 Out Of 10,13500
776,2023-11-08 07:05,Bruno Mars,Silk Sonic Intro,63060
777,2023-11-08 07:06,Kali Uchis,"After The Storm (feat. Tyler, The Creator & Bootsy Collins)",24575
778,2023-11-08 07:09,Kanye West,Wake Up Mr. West,3760
779,2023-11-08 07:09,Kanye West,Wake Up Mr. West,5729
780,2023-11-08 07:09,Whitney Houston,I Will Always Love You,26470
781,2023-11-08 07:10,Kanye West,Heard 'Em Say,2300
782,2023-11-08 07:10,Whitney Houston,I Will Always Love You,36666
783,2023-11-08 07:26,Giveon,Heartbreak Anniversary,1984
784,2023-11-08 07:26,Michael Jackson,You Are Not Alone,23273
785,2023-11-08 07:30,SZA,Snooze,201800
786,2023-11-08 07:30,Frank Ocean,Ivy,40258
787,2023-11-08 07:30,SZA,Kill Bill,725
788,2023-11-08 07:35,Giveon,Like I Want You,260776
789,2023-11-08 07:38,Giveon,Heartbreak Anniversary,198370
790,2023-11-08 07:40,SZA,Kill Bill,153946
791,2023-11-08 07:45,The Weeknd,Die For You,260253
792,2023-11-08 07:48,Daniel Caesar,Best Part (feat. H.E.R.),5071
793,2023-11-08 07:48,Ariana Grande,34+35,173710
794,2023-11-08 07:56,Daniel Caesar,Best Part (feat. H.E.R.),2070
795,2023-11-08 07:59,SZA,Snooze,201800
796,2023-11-08 09:40,Ariana Grande,34+35,12720
797,2023-11-08 09:43,SZA,Snooze,176039
798,2023-11-08 18:05,SZA,Snooze,201800
799,2023-11-08 18:10,Giveon,Like I Want You,260776
800,2023-11-08 18:10,Giveon,Heartbreak Anniversary,5909
801,2023-11-08 18:57,Drake,Legend,241853
802,2023-11-08 22:09,Giveon,Heartbreak Anniversary,4280
803,2023-11-08 22:09,The Weeknd,Die For You,490
804,2023-11-08 22:09,SZA,Kill Bill,750
805,2023-11-08 22:09,Ariana Grande,34+35,3710
806,2023-11-08 22:12,Kali Uchis,"After The Storm (feat. Tyler, The Creator & Bootsy Collins)",207454
807,2023-11-08 22:17,Frank Ocean,Ivy,249191
808,2023-11-08 22:20,Kendrick Lamar,LOVE. FEAT. ZACARI.,213400
809,2023-11-08 22:22,XXXTENTACION,Jocelyn Flores,119133
810,2023-11-08 22:25,Frank Ocean,Pink + White,184516
811,2023-11-08 22:28,Drake,Jungle,41981
812,2023-11-08 23:17,Baby Keem,lost souls (with Brent Faiyaz),3436
813,2023-11-08 23:17,Drake,Energy,113535
814,2023-11-08 23:24,Giveon,Like I Want You,248714
815,2023-11-08 23:24,Ariana Grande,34+35,1100
816,2023-11-08 23:26,XXXTENTACION,Jocelyn Flores,3380
817,2023-11-08 23:26,Frank Ocean,Pink + White,122180
818,2023-11-08 23:30,Drake,Legend,241853
819,2023-11-08 23:33,Drake,Energy,181933
820,2023-11-08 23:36,Drake,10 Bands,177733
821,2023-11-08 23:41,Drake,Know Yourself,275840
822,2023-11-08 23:45,Drake,Used To,268480
823,2023-11-08 23:51,Drake,Jungle,81990
824,2023-11-08 23:56,Drake,"Hold On, We're Going Home",227880
825,2023-11-08 23:59,Drake,Started From the Bottom,174133
826,2023-11-09 00:02,Drake,Jumpman,205879
827,2023-11-09 00:08,Drake,Nice For What,210746
828,2023-11-09 00:12,Drake,In My Feelings,217925
829,2023-11-09 00:15,Drake,Nonstop,238614
830,2023-11-09 00:19,Drake,I'm Upset,214466
831,2023-11-09 00:20,Drake,Jimmy Cooks (feat. 21 Savage),36880
832,2023-11-09 02:46,Travis Scott,90210 (feat. Kacy Hill),45530
833,2023-11-09 02:49,SZA,Snooze,201800
834,2023-11-09 02:54,Giveon,Like I Want You,260776
835,2023-11-09 02:57,Giveon,Heartbreak Anniversary,198370
836,2023-11-09 02:58,SZA,Kill Bill,89190
837,2023-11-09 02:59,Baby Keem,lost souls (with Brent Faiyaz),3498
838,2023-11-09 03:07,Baby Keem,lost souls (with Brent Faiyaz),18510
839,2023-11-09 03:23,Baby Keem,lost souls (with Brent Faiyaz),530
840,2023-11-09 03:26,Daniel Caesar,Get You (feat. Kali Uchis),134310
841,2023-11-09 03:27,Mayer Hawthorne,The Walk,30035
842,2023-11-09 03:27,Mayer Hawthorne,The Walk,18700
843,2023-11-09 03:27,Daniel Caesar,Get You (feat. Kali Uchis),7157
844,2023-11-09 03:27,The Beach Boys,Wouldn't It Be Nice,1410
845,2023-11-09 03:28,Sly & The Family Stone,Everyday People,640
846,2023-11-09 03:28,Van Morrison,Brown Eyed Girl,820
847,2023-11-09 03:28,Gladys Knight & The Pips,Neither One Of Us (Wants To Be The First To Say Goodbye),6430
848,2023-11-09 03:28,Stevie Wonder,Summer Soft,670
849,2023-11-09 03:28,Rufus,Once You Get Started,1220
850,2023-11-09 03:29,Sly & The Family Stone,Everyday People,105250
851,2023-11-09 03:29,Cornelius Brothers & Sister Rose,Treat Her Like A Lady,850
852,2023-11-09 03:29,Dion,Runaround Sue,610
853,2023-11-09 03:29,Rose Royce,Car Wash - Single Version,570
854,2023-11-09 03:29,Rufus,Once You Get Started,600
855,2023-11-09 03:30,Nelly Furtado,Promiscuous,6590
856,2023-11-09 03:30,The Spencer Davis Group,Gimme Some Lovin',17990
857,2023-11-09 03:30,Bruno Mars,Locked out of Heaven,2920
858,2023-11-09 03:31,Kanye West,Devil In A New Dress,140
859,2023-11-09 03:31,Kanye West,Devil In A New Dress,220
860,2023-11-09 03:31,Kanye West,Devil In A New Dress,22290
861,2023-11-09 03:31,Kanye West,Devil In A New Dress,60
862,2023-11-09 03:31,Kanye West,Devil In A New Dress,770
863,2023-11-09 03:31,Kanye West,Devil In A New Dress,80
864,2023-11-09 03:31,Rihanna,Stay,9110
865,2023-11-09 03:31,Miley Cyrus,Party In The U.S.A.,59450
866,2023-11-09 03:31,Bruno Mars,Grenade,780
867,2023-11-09 03:32,Mayer Hawthorne,The Walk,580
868,2023-11-09 03:32,Kanye West,Devil In A New Dress,940
869,2023-11-09 03:32,Kanye West,Devil In A New Dress,100
870,2023-11-09 03:32,Kanye West,Devil In A New Dress,90
871,2023-11-09 03:32,Kanye West,Devil In A New Dress,930
872,2023-11-09 03:32,Kanye West,Devil In A New Dress,170
873,2023-11-09 03:32,Kanye West,Devil In A New Dress,140
874,2023-11-09 03:32,Kanye West,Devil In A New Dress,5020
875,2023-11-09 03:32,Kanye West,Devil In A New Dress,190
876,2023-11-09 03:32,Kanye West,Devil In A New Dress,120
877,2023-11-09 03:32,Skrillex,Purple Lamborghini (with Rick Ross),6720
878,2023-11-09 03:34,The Weeknd,Die For You,143460
879,2023-11-09 04:36,Baby Keem,lost souls (with Brent Faiyaz),79894
880,2023-11-09 04:36,Daniel Caesar,Always,2693
881,2023-11-09 06:10,Giveon,Like I Want You,260776
882,2023-11-09 06:14,Kali Uchis,"After The Storm (feat. Tyler, The Creator & Bootsy Collins)",207454
883,2023-11-09 07:21,SZA,Snooze,11696
884,2023-11-09 07:21,Drake,Legend,5226
885,2023-11-09 07:21,Drake,Jungle,3626
886,2023-11-09 07:21,Frank Ocean,Pink + White,147003
887,2023-11-09 07:21,Drake,10 Bands,661
888,2023-11-09 07:22,Drake,Jungle,981
889,2023-11-09 07:22,Drake,Energy,6698
890,2023-11-09 07:25,Drake,Energy,181933
891,2023-11-09 07:29,Drake,Jungle,280009
892,2023-11-09 07:36,The Weeknd,Die For You,3150
893,2023-11-09 07:39,Drake,Energy,181933
894,2023-11-09 07:43,Drake,Jumpman,205879
895,2023-11-09 07:47,Drake,Used To,268480
896,2023-11-09 07:52,Drake,Fair Trade (with Travis Scott),291175
897,2023-11-09 07:56,Drake,In My Feelings,217925
898,2023-11-09 07:58,Drake,Started From the Bottom,174133
899,2023-11-09 08:06,Drake,Jimmy Cooks (feat. 21 Savage),51063
900,2023-11-09 08:36,Pop Smoke,Element,135746
901,2023-11-09 08:39,Travis Scott,5% TINT,196138
902,2023-11-09 08:42,Rae Sremmurd,This Could Be Us,206306
903,2023-11-09 08:48,Kendrick Lamar,m.A.A.d city,350120
904,2023-11-09 09:03,Drake,First Person Shooter (feat. J. Cole),218406
905,2023-11-09 09:03,Migos,Need It,3520
906,2023-11-09 09:04,Calvin Harris,Slide (feat. Frank Ocean & Migos),1040
907,2023-11-09 09:04,Migos,Need It (feat. YoungBoy Never Broke Again),21650
908,2023-11-09 09:04,Migos,Walk It Talk It,1030
909,2023-11-09 09:10,Baby Keem,lost souls (with Brent Faiyaz),1180
910,2023-11-09 09:10,SZA,Snooze,1100
911,2023-11-09 09:10,Drake,Jungle,3020
912,2023-11-09 09:10,Metro Boomin,Creepin' (with The Weeknd & 21 Savage),1240
913,2023-11-09 09:10,Frank Ocean,Pink + White,780
914,2023-11-09 09:10,Bruno Mars,Smokin Out The Window,380
915,2023-11-09 09:10,Bruno Mars,Smokin Out The Window,60
916,2023-11-09 09:10,Bruno Mars,Skate,1520
917,2023-11-09 09:10,Bruno Mars,After Last Night (with Thundercat & Bootsy Collins),6150
918,2023-11-09 09:10,Mustard,Pure Water (with Migos),22760
919,2023-11-09 09:10,Bruno Mars,Put On A Smile,1440
920,2023-11-09 09:10,The Weeknd,Die For You,860
921,2023-11-09 09:10,PARTYNEXTDOOR,Break from Toronto,6470
922,2023-11-09 09:16,Bruno Mars,Love's Train,307014
923,2023-11-09 09:19,Drake,10 Bands,177733
924,2023-11-09 09:23,Bruno Mars,After Last Night (with Thundercat & Bootsy Collins),249444
925,2023-11-09 09:27,Bruno Mars,Blast Off,284870
926,2023-11-09 19:23,Bruno Mars,Silk Sonic Intro,63060
927,2023-11-09 19:23,Bruno Mars,Leave The Door Open,0
928,2023-11-09 19:26,SZA,Snooze,201800
929,2023-11-09 19:28,XXXTENTACION,Jocelyn Flores,119133
930,2023-11-09 19:31,Daniel Caesar,Always,143646
931,2023-11-09 21:01,Anthony Warlow,This Is the Moment,7460
932,2023-11-09 21:13,Anthony Warlow,This Is the Moment,1980
933,2023-11-09 21:13,Anthony Warlow,This Is the Moment,0
934,2023-11-09 21:13,Jekyll,This Is the Moment,75489
935,2023-11-09 21:13,Jekyll,This Is the Moment,3380
936,2023-11-09 21:36,Jekyll,This Is the Moment,636216
937,2023-11-09 21:37,Jekyll,This Is the Moment,59760
938,2023-11-09 21:41,Drake,I'm Upset,214466
939,2023-11-09 21:44,Drake,10 Bands,177733
940,2023-11-09 21:50,Drake,Portland,236614
941,2023-11-09 21:55,Drake,Used To,268480
942,2023-11-09 21:59,Drake,First Person Shooter (feat. J. Cole),247444
943,2023-11-09 22:03,Drake,"Hold On, We're Going Home",227880
944,2023-11-09 22:06,Drake,Nice For What,210746
945,2023-11-09 22:11,Drake,Passionfruit,298940
946,2023-11-09 22:14,Drake,Energy,181933
947,2023-11-09 22:19,Drake,Fair Trade (with Travis Scott),291175
948,2023-11-09 22:23,Drake,Legend,241853
949,2023-11-09 22:28,Drake,Know Yourself,275840
950,2023-11-09 22:31,Drake,Fake Love,210937
951,2023-11-09 22:35,Drake,Jimmy Cooks (feat. 21 Savage),218364
952,2023-11-09 22:39,Drake,Nonstop,238614
953,2023-11-09 22:42,Drake,Jumpman,205879
954,2023-11-09 23:02,Drake,Jungle,175644
955,2023-11-09 23:05,진정훈,지금 이 순간,183646
956,2023-11-09 23:06,Jekyll,This Is the Moment,15743
957,2023-11-09 23:10,Jekyll,This Is the Moment,68104
958,2023-11-09 23:13,Migos,Need It (feat. YoungBoy Never Broke Again),195680
959,2023-11-09 23:13,Migos,Need It (feat. YoungBoy Never Broke Again),4602
960,2023-11-09 23:15,Whitney Houston,I Will Always Love You,82022
961,2023-11-10 00:03,Michael Jackson,You Are Not Alone,137470
962,2023-11-10 00:06,Drake,Energy,181933
963,2023-11-10 00:09,Lil Uzi Vert,20 Min,220586
964,2023-11-10 00:13,Future,Mask Off,204600
965,2023-11-10 00:17,50 Cent,Many Men (Wish Death),256226
966,2023-11-10 00:19,Lil Baby,Yes Indeed,142273
967,2023-11-10 03:33,Metro Boomin,Niagara Falls (Foot or 2) [with Travis Scott & 21 Savage],260
968,2023-11-10 03:33,Metro Boomin,Niagara Falls (Foot or 2) [with Travis Scott & 21 Savage],0
969,2023-11-10 03:33,Lil Baby,Yes Indeed,700
970,2023-11-10 03:33,Dr. Dre,Still D.R.E.,230
971,2023-11-10 03:33,A$AP Rocky,Praise The Lord (Da Shine) (feat. Skepta),61681
972,2023-11-10 03:33,Kanye West,Devil In A New Dress,190
973,2023-11-10 03:33,Kanye West,Praise God,460
974,2023-11-10 03:33,Lil Baby,Low Down,320
975,2023-11-10 03:33,Kanye West,Through The Wire,400
976,2023-11-10 03:33,Kodak Black,ZEZE (feat. Travis Scott & Offset),230
977,2023-11-10 03:33,Future,Wicked,510
978,2023-11-10 03:33,Travis Scott,Antidote,300
979,2023-11-10 03:33,21 Savage,Bank Account,1260
980,2023-11-10 03:33,Travis Scott,5% TINT,570
981,2023-11-10 03:33,Kendrick Lamar,Money Trees,40
982,2023-11-10 03:33,Kendrick Lamar,Money Trees,100
983,2023-11-10 03:33,Pop Smoke,Dior,520
984,2023-11-10 03:33,Eminem,The Real Slim Shady,370
985,2023-11-10 03:33,Drake,"Hold On, We're Going Home",3930
986,2023-11-10 03:33,Drake,Forever,360
987,2023-11-10 03:33,Drake,Toosie Slide,500
988,2023-11-10 03:33,Metro Boomin,Trance (with Travis Scott & Young Thug),610
989,2023-11-10 03:33,Kanye West,Follow God,560
990,2023-11-10 03:34,Kanye West,Devil In A New Dress,21070
991,2023-11-10 03:40,Kendrick Lamar,Money Trees,386906
992,2023-11-10 03:43,Metro Boomin,Niagara Falls (Foot or 2) [with Travis Scott & 21 Savage],207306
993,2023-11-10 03:47,Kanye West,Through The Wire,221226
994,2023-11-10 03:52,Kanye West,Can't Tell Me Nothing,271600
995,2023-11-10 04:29,Stuart Duncan,Less Is Moi,141990
996,2023-11-10 05:03,Stuart Duncan,Attaboy,52860
997,2023-11-10 05:03,Lil Uzi Vert,Money Longer,2600
998,2023-11-10 05:06,Travis Scott,FE!N (feat. Playboi Carti),191700
999,2023-11-10 05:11,J. Cole,No Role Modelz,292799
1000,2023-11-10 05:16,21 Savage,Runnin,25311
1001,2023-11-10 05:16,Mustard,Pure Water (with Migos),5669
1002,2023-11-10 06:17,Pop Smoke,What You Know Bout Love,4113
1003,2023-11-10 06:24,Jekyll,This Is the Moment,1184
1004,2023-11-10 06:24,21 Savage,Runnin,33545
1005,2023-11-10 06:26,진정훈,지금 이 순간,124830
1006,2023-11-10 06:27,Anthony Warlow,This Is the Moment,49040
1007,2023-11-10 06:32,Jekyll,This Is the Moment,200782
1008,2023-11-10 06:33,Migos,Need It (feat. YoungBoy Never Broke Again),7407
1009,2023-11-10 06:33,BIGBANG,Fantastic Baby,6431
1010,2023-11-10 06:35,Daniel Caesar,Always,80550
1011,2023-11-10 06:43,Giveon,Like I Want You,103305
1012,2023-11-10 06:44,The Jackson 5,I Want You Back,42190
1013,2023-11-10 06:53,Keyshia Cole,Love,48878
1014,2023-11-10 06:58,Keyshia Cole,Love,1323
1015,2023-11-10 07:00,Frank Ocean,Ivy,138414
1016,2023-11-10 07:03,Lil Baby,Pure Cocaine,154023
1017,2023-11-10 07:06,Kanye West,Praise God,952
1018,2023-11-10 07:06,Travis Scott,Antidote,165911
1019,2023-11-10 07:06,Migos,Slippery (feat. Gucci Mane),998
1020,2023-11-10 07:06,Rae Sremmurd,This Could Be Us,696
1021,2023-11-10 07:06,Meek Mill,Going Bad (feat. Drake),905
1022,2023-11-10 07:09,Migos,MotorSport,203035
1023,2023-11-10 07:59,J. Cole,No Role Modelz,1493
1024,2023-11-10 07:59,Baby Keem,ORANGE SODA,1813
1025,2023-11-10 07:59,SZA,Snooze,426
1026,2023-11-10 07:59,JACKBOYS,GATTI,490
1027,2023-11-10 07:59,21 Savage,Mr. Right Now (feat. Drake),618
1028,2023-11-10 07:59,Baby Keem,family ties (with Kendrick Lamar),0
1029,2023-11-10 07:59,Lil Baby,Yes Indeed,490
1030,2023-11-10 07:59,21 Savage,X (feat. Future),170
1031,2023-11-10 07:59,Migos,Stir Fry,682
1032,2023-11-10 07:59,Lil Baby,Low Down,661
1033,2023-11-10 07:59,Drake,God's Plan,213
1034,2023-11-10 07:59,"Tyler, The Creator",BEST INTEREST,128
1035,2023-11-10 07:59,Drake,Jungle,874
1036,2023-11-10 07:59,Drake,First Person Shooter (feat. J. Cole),554
1037,2023-11-10 07:59,Drake,Energy,1194
1038,2023-11-10 07:59,Kendrick Lamar,Alright,597
1039,2023-11-10 07:59,Offset,Ric Flair Drip (with Metro Boomin),533
1040,2023-11-10 07:59,Kendrick Lamar,DNA.,597
1041,2023-11-10 07:59,Rae Sremmurd,Come Get Her,682
1042,2023-11-10 07:59,Drake,Passionfruit,640
1043,2023-11-10 07:59,Dr. Dre,"Nuthin' But A ""G"" Thang",490
1044,2023-11-10 07:59,JAY-Z,Ni**as In Paris,448
1045,2023-11-10 07:59,Drake,Marvins Room,196881
1046,2023-11-10 07:59,21 Savage,a lot,448
1047,2023-11-10 07:59,Young Thug,Hot (Remix) [feat. Gunna and Travis Scott],0
1048,2023-11-10 08:00,Drake,Search & Rescue,597
1049,2023-11-10 08:00,Drake,Search & Rescue,0
1050,2023-11-10 08:00,50 Cent,21 Questions,3349
1051,2023-11-10 08:00,Travis Scott,I KNOW ?,704
1052,2023-11-10 08:00,Kendrick Lamar,m.A.A.d city,554
1053,2023-11-10 08:00,Travis Scott,FE!N (feat. Playboi Carti),810
1054,2023-11-10 08:00,Metro Boomin,Space Cadet (feat. Gunna),554
1055,2023-11-10 08:00,Quality Control,Baby (Lil Baby feat. DaBaby),1024
1056,2023-11-10 08:00,Quality Control,Baby (Lil Baby feat. DaBaby),640
1057,2023-11-10 08:00,Rae Sremmurd,Swang,576
1058,2023-11-10 08:00,Kendrick Lamar,Backseat Freestyle,1002
1059,2023-11-10 08:00,Gunna,Drip or Drown,1130
1060,2023-11-10 08:00,Dr. Dre,The Next Episode,1557
1061,2023-11-10 08:00,Migos,Bad and Boujee (feat. Lil Uzi Vert),575
1062,2023-11-10 08:00,Kendrick Lamar,PRIDE.,853
1063,2023-11-10 08:00,50 Cent,Many Men (Wish Death),1856
1064,2023-11-10 08:00,Kanye West,Follow God,490
1065,2023-11-10 08:03,Travis Scott,I KNOW ?,211582
1066,2023-11-10 08:06,Gunna,Drip or Drown,126168
1067,2023-11-10 08:10,Migos,Walk It Talk It,276147
1068,2023-11-10 08:11,Travis Scott,goosebumps,60091
1069,2023-11-10 09:53,The Weeknd,Pray For Me (with Kendrick Lamar),1800
1070,2023-11-10 09:53,SZA,Snooze,4020
1071,2023-11-10 09:53,Travis Scott,5% TINT,580
1072,2023-11-10 09:53,Travis Scott,5% TINT,9800
1073,2023-11-10 09:53,Giveon,Like I Want You,3470
1074,2023-11-10 09:53,Frank Ocean,Pink + White,1460
1075,2023-11-10 09:55,Giveon,Like I Want You,82890
1076,2023-11-10 18:06,Metro Boomin,Too Many Nights (feat. Don Toliver & with Future),910
1077,2023-11-10 18:06,Lil Uzi Vert,Money Longer,1060
1078,2023-11-10 18:06,Lil Baby,Yes Indeed,142273
1079,2023-11-10 18:06,Travis Scott,MELTDOWN (feat. Drake),1090
1080,2023-11-10 18:06,Drake,First Person Shooter (feat. J. Cole),70
1081,2023-11-10 18:06,Polo G,RAPSTAR,640
1082,2023-11-10 18:06,Kendrick Lamar,LOVE. FEAT. ZACARI.,47546
1083,2023-11-10 18:06,Travis Scott,BUTTERFLY EFFECT,500
1084,2023-11-10 18:06,Travis Scott,90210 (feat. Kacy Hill),630
1085,2023-11-10 18:06,Drake,Rich Flex,280
1086,2023-11-10 18:06,50 Cent,Many Men (Wish Death),910
1087,2023-11-10 18:09,Polo G,RAPSTAR,165925
1088,2023-11-10 18:14,Travis Scott,MELTDOWN (feat. Drake),134395
1089,2023-11-10 18:14,Johann Sebastian Bach,"Cello Suite No. 1 in G Major, BWV 1007: I. Prélude",37124
1090,2023-11-10 18:16,Stuart Duncan,Attaboy,87780
1091,2023-11-10 18:17,Stuart Duncan,Less Is Moi,56490
1092,2023-11-10 18:20,Keyshia Cole,Love,9100
1093,2023-11-10 18:20,21 Savage,X (feat. Future),11280
1094,2023-11-10 18:20,Marvin Gaye,Let's Get It On,1410
1095,2023-11-10 18:20,Marvin Gaye,Mercy Mercy Me (The Ecology),190760
1096,2023-11-10 18:21,21 Savage,No Heart,34470
1097,2023-11-10 18:21,21 Savage,Mr. Right Now (feat. Drake),6844
1098,2023-11-10 18:25,21 Savage,Slidin,5025
1099,2023-11-10 18:25,21 Savage,Rich Nigga Shit (feat. Young Thug),215609
1100,2023-11-10 19:53,21 Savage,Glock In My Lap,65851
1101,2023-11-10 19:56,21 Savage,Glock In My Lap,227351
1102,2023-11-10 19:57,21 Savage,Mr. Right Now (feat. Drake),26278
1103,2023-11-10 19:57,21 Savage,Slidin,800
1104,2023-11-10 19:57,21 Savage,Many Men,1480
1105,2023-11-10 19:57,21 Savage,Rich Nigga Shit (feat. Young Thug),880
1106,2023-11-10 19:58,21 Savage,Snitches & Rats (feat. Young Nudy),4660
1107,2023-11-10 20:19,21 Savage,No Heart,112920
1108,2023-11-10 20:20,Kanye West,RoboCop,64230
1109,2023-11-10 23:16,21 Savage,No Heart,7221
1110,2023-11-10 23:16,Kanye West,RoboCop,2560
1111,2023-11-10 23:20,Metro Boomin,Creepin' (with The Weeknd & 21 Savage),221520
1112,2023-11-10 23:22,XXXTENTACION,Jocelyn Flores,119133
1113,2023-11-10 23:25,Daniel Caesar,Get You (feat. Kali Uchis),6906
1114,2023-11-10 23:25,Ariana Grande,34+35,173710
1115,2023-11-10 23:28,Kendrick Lamar,LOVE. FEAT. ZACARI.,118850
1116,2023-11-10 23:31,Lil Baby,Freestyle,162053
1117,2023-11-10 23:35,Dr. Dre,"Nuthin' But A ""G"" Thang",237573
1118,2023-11-10 23:40,Young Thug,Hot (Remix) [feat. Gunna and Travis Scott],279906
1119,2023-11-10 23:45,Kendrick Lamar,Alright,219333
1120,2023-11-10 23:47,Kendrick Lamar,Backseat Freestyle,112753
1121,2023-11-10 23:50,Drake,"Hold On, We're Going Home",227880
1122,2023-11-10 23:54,Kodak Black,ZEZE (feat. Travis Scott & Offset),228759
1123,2023-11-10 23:59,Kendrick Lamar,PRIDE.,275253
1124,2023-11-11 00:21,Kendrick Lamar,Money Trees,330858
1125,2023-11-11 00:26,Pop Smoke,Element,1323
1126,2023-11-11 00:26,Kanye West,Praise God,2252
1127,2023-11-11 00:26,Future,Wicked,2600
1128,2023-11-11 00:26,Eminem,The Real Slim Shady,2321
1129,2023-11-11 00:26,Kanye West,Good Morning,3390
1130,2023-11-11 00:26,Migos,Walk It Talk It,261851
1131,2023-11-11 00:29,Drake,Wants and Needs (feat. Lil Baby),192956
1132,2023-11-11 00:51,Kali Uchis,Moonlight,40588
1133,2023-11-11 00:51,21 Savage,Bank Account,213403
1134,2023-11-11 00:54,beabadoobee,Glue Song,135066
1135,2023-11-11 00:57,beabadoobee,the perfect pair,177533
1136,2023-11-11 00:59,beabadoobee,the way things go,138864
1137,2023-11-11 01:00,FISHER,Losing It,38591
1138,2023-11-11 01:01,Central Cee,Day in the Life,975
1139,2023-11-11 01:01,SR,Welcome To Brixton,46021
1140,2023-11-11 01:47,Central Cee,Loading,76862
1141,2023-11-11 01:48,J. Cole,MIDDLE CHILD,23830
1142,2023-11-11 01:48,21 Savage,Mr. Right Now (feat. Drake),530
1143,2023-11-11 01:48,Lil Uzi Vert,20 Min,300
1144,2023-11-11 01:48,Pop Smoke,Element,380
1145,2023-11-11 01:48,Lil Baby,Low Down,590
1146,2023-11-11 01:48,Drake,God's Plan,560
1147,2023-11-11 01:48,Baby Keem,16,3820
1148,2023-11-11 01:48,"Tyler, The Creator",BEST INTEREST,770
1149,2023-11-11 01:48,Kendrick Lamar,m.A.A.d city,330
1150,2023-11-11 01:48,21 Savage,ball w/o you,520
1151,2023-11-11 01:48,Kendrick Lamar,Alright,1050
1152,2023-11-11 01:48,Kanye West,Touch The Sky,4260
1153,2023-11-11 01:48,Drake,Passionfruit,1220
1154,2023-11-11 01:48,Metro Boomin,Trance (with Travis Scott & Young Thug),140
1155,2023-11-11 01:48,Drake,Rich Flex,320
1156,2023-11-11 01:48,Eminem,Lose Yourself,580
1157,2023-11-11 01:50,SZA,Snooze,101970
1158,2023-11-11 02:13,Giveon,Like I Want You,260776
1159,2023-11-11 02:16,Daniel Caesar,Best Part (feat. H.E.R.),209831
1160,2023-11-11 02:20,Frank Ocean,Pink + White,184516
1161,2023-11-11 02:47,Frank Ocean,Ivy,249191
1162,2023-11-11 02:54,Kanye West,Bound 2,1429
1163,2023-11-11 02:54,Bruno Mars,After Last Night (with Thundercat & Bootsy Collins),172720
1164,2023-11-11 02:54,SZA,Kill Bill,3712
1165,2023-11-11 02:57,Quality Control,Baby (Lil Baby feat. DaBaby),142417
1166,2023-11-11 02:58,Future,Life Is Good (feat. Drake),1130
1167,2023-11-11 02:58,Kanye West,Praise God,840
1168,2023-11-11 02:58,Kanye West,Touch The Sky,960
1169,2023-11-11 02:58,Travis Scott,goosebumps,760
1170,2023-11-11 02:58,Dr. Dre,"Nuthin' But A ""G"" Thang",45256
1171,2023-11-11 02:58,Migos,T-Shirt,1280
1172,2023-11-11 02:58,Future,Mask Off,790
1173,2023-11-11 03:00,Kanye West,Touch The Sky,110145
1174,2023-11-11 03:21,J. Cole,No Role Modelz,597
1175,2023-11-11 03:21,Gucci Mane,I Get the Bag (feat. Migos),384
1176,2023-11-11 03:21,Kanye West,Praise God,682
1177,2023-11-11 03:21,Drake,Jungle,4416
1178,2023-11-11 03:21,Metro Boomin,Creepin' (with The Weeknd & 21 Savage),725
1179,2023-11-11 03:21,Migos,Slippery (feat. Gucci Mane),3349
1180,2023-11-11 03:21,Kanye West,Touch The Sky,1898
1181,2023-11-11 03:21,Kendrick Lamar,DNA.,448
1182,2023-11-11 03:21,21 Savage,Rich Nigga Shit (feat. Young Thug),554
1183,2023-11-11 03:21,Metro Boomin,Trance (with Travis Scott & Young Thug),0
1184,2023-11-11 03:22,Drake,Legend,6933
1185,2023-11-11 03:22,Drake,First Person Shooter (feat. J. Cole),255
1186,2023-11-11 03:22,Drake,Fair Trade (with Travis Scott),511
1187,2023-11-11 03:22,Drake,Portland,469
1188,2023-11-11 03:22,Drake,IDGAF (feat. Yeat),0
1189,2023-11-11 03:25,Drake,Fake Love,210937
1190,2023-11-11 03:29,Drake,Nice For What,210746
1191,2023-11-11 03:32,Drake,In My Feelings,217925
1192,2023-11-11 03:34,Drake,Jimmy Cooks (feat. 21 Savage),76117
1193,2023-11-11 05:32,Baby Keem,ORANGE SODA,3970
1194,2023-11-11 05:32,The Rays,Silhouettes,2647
1195,2023-11-11 05:32,Drake,Jimmy Cooks (feat. 21 Savage),8103
1196,2023-11-11 05:35,Looking Glass,Brandy (You're a Fine Girl),186826
1197,2023-11-11 05:43,CHIC,"Dance, Dance, Dance (Yowsah, Yowsah, Yowsah)",51629
1198,2023-11-11 06:48,Village People,Y.M.C.A.,159196
1199,2023-11-11 06:51,진정훈,지금 이 순간,199171
1200,2023-11-11 06:54,진정훈,지금 이 순간,199171
1201,2023-11-11 06:58,진정훈,지금 이 순간,199171
1202,2023-11-11 07:01,진정훈,지금 이 순간,199171
1203,2023-11-11 07:04,진정훈,지금 이 순간,199171
1204,2023-11-11 07:08,진정훈,지금 이 순간,199171
1205,2023-11-11 07:11,진정훈,지금 이 순간,199171
1206,2023-11-11 07:14,진정훈,지금 이 순간,199171
1207,2023-11-11 07:18,진정훈,지금 이 순간,199171
1208,2023-11-11 07:21,진정훈,지금 이 순간,199171
1209,2023-11-11 07:24,진정훈,지금 이 순간,199171
1210,2023-11-11 07:28,진정훈,지금 이 순간,41998
1211,2023-11-11 07:28,진정훈,지금 이 순간,199171
1212,2023-11-11 20:04,진정훈,지금 이 순간,199171
1213,2023-11-11 20:07,진정훈,지금 이 순간,199171
1214,2023-11-11 20:11,진정훈,지금 이 순간,199171
1215,2023-11-11 20:14,진정훈,지금 이 순간,199171
1216,2023-11-11 20:17,진정훈,지금 이 순간,199171
1217,2023-11-11 20:21,진정훈,지금 이 순간,199171
1218,2023-11-11 20:23,진정훈,지금 이 순간,167859
1219,2023-11-11 20:24,진정훈,지금 이 순간,8451
1220,2023-11-11 20:24,진정훈,지금 이 순간,31358
1221,2023-11-11 20:50,진정훈,지금 이 순간,7390
1222,2023-11-11 20:53,Drake,Fake Love,210937
1223,2023-11-11 21:52,진정훈,지금 이 순간,190767
1224,2023-11-11 21:55,진정훈,지금 이 순간,199171
1225,2023-11-11 21:59,진정훈,지금 이 순간,199171
1226,2023-11-11 22:02,진정훈,지금 이 순간,199171
1227,2023-11-11 22:05,진정훈,지금 이 순간,199171
1228,2023-11-11 22:09,진정훈,지금 이 순간,199171
1229,2023-11-11 22:12,진정훈,지금 이 순간,199171
1230,2023-11-11 22:23,The Spinners,It's A Shame,700
1231,2023-11-11 22:23,Drake,First Person Shooter (feat. J. Cole),58444
1232,2023-11-11 22:23,Lionel Richie,All Night Long (All Night) - Single Version,3810
1233,2023-11-11 22:24,The Spinners,Games People Play,1070
1234,2023-11-11 22:24,America,Ventura Highway,1130
1235,2023-11-11 22:28,The Spinners,Games People Play,284133
1236,2023-11-11 22:35,America,Ventura Highway,126738
1237,2023-11-11 22:35,The Buckinghams,Kind of a Drag,4900
1238,2023-11-11 22:36,진정훈,지금 이 순간,120999
1239,2023-11-11 22:38,Drake,Started From the Bottom,174133
1240,2023-11-11 22:43,Drake,Fair Trade (with Travis Scott),291175
1241,2023-11-11 22:46,Drake,Energy,181933
1242,2023-11-11 23:22,Drake,Nice For What,155709
1243,2023-11-11 23:25,Drake,Nice For What,3110
1244,2023-11-11 23:30,Drake,Jumpman,205879
1245,2023-11-11 23:49,Drake,I'm Upset,1440
